episode_id,t_in_episode,task_name,instruction,state_global_index,num_actions,action_dim,plot_path,percluster_plot_path,clusters_csv,left_img_path,wrist_img_path
ep000001,42,Put the candy bar on the left side of the first shelf,Put the candy bar on the left side of the first shelf,0,750,8,/home/exouser/openpi/droid_sanity/clusters/ep000001/state_000042_chunks_minkowski.png,/home/exouser/openpi/droid_sanity/clusters/ep000001/state_000042_chunks_minkowski_percluster.png,/home/exouser/openpi/droid_sanity/clusters/ep000001/state_000042_minkowski.csv,images/ep000001/state_000042_left.jpg,images/ep000001/state_000042_wrist.jpg
ep000001,43,Put the candy bar on the left side of the first shelf,Put the candy bar on the left side of the first shelf,1,750,8,/home/exouser/openpi/droid_sanity/clusters/ep000001/state_000043_chunks_minkowski.png,/home/exouser/openpi/droid_sanity/clusters/ep000001/state_000043_chunks_minkowski_percluster.png,/home/exouser/openpi/droid_sanity/clusters/ep000001/state_000043_minkowski.csv,images/ep000001/state_000043_left.jpg,images/ep000001/state_000043_wrist.jpg
ep000001,44,Put the candy bar on the left side of the first shelf,Put the candy bar on the left side of the first shelf,2,750,8,/home/exouser/openpi/droid_sanity/clusters/ep000001/state_000044_chunks_minkowski.png,/home/exouser/openpi/droid_sanity/clusters/ep000001/state_000044_chunks_minkowski_percluster.png,/home/exouser/openpi/droid_sanity/clusters/ep000001/state_000044_minkowski.csv,images/ep000001/state_000044_left.jpg,images/ep000001/state_000044_wrist.jpg
ep000001,45,Put the candy bar on the left side of the first shelf,Put the candy bar on the left side of the first shelf,3,750,8,/home/exouser/openpi/droid_sanity/clusters/ep000001/state_000045_chunks_minkowski.png,/home/exouser/openpi/droid_sanity/clusters/ep000001/state_000045_chunks_minkowski_percluster.png,/home/exouser/openpi/droid_sanity/clusters/ep000001/state_000045_minkowski.csv,images/ep000001/state_000045_left.jpg,images/ep000001/state_000045_wrist.jpg
ep000001,46,Put the candy bar on the left side of the first shelf,Put the candy bar on the left side of the first shelf,4,750,8,/home/exouser/openpi/droid_sanity/clusters/ep000001/state_000046_chunks_minkowski.png,/home/exouser/openpi/droid_sanity/clusters/ep000001/state_000046_chunks_minkowski_percluster.png,/home/exouser/openpi/droid_sanity/clusters/ep000001/state_000046_minkowski.csv,images/ep000001/state_000046_left.jpg,images/ep000001/state_000046_wrist.jpg
ep000001,47,Put the candy bar on the left side of the first shelf,Put the candy bar on the left side of the first shelf,5,750,8,/home/exouser/openpi/droid_sanity/clusters/ep000001/state_000047_chunks_minkowski.png,/home/exouser/openpi/droid_sanity/clusters/ep000001/state_000047_chunks_minkowski_percluster.png,/home/exouser/openpi/droid_sanity/clusters/ep000001/state_000047_minkowski.csv,images/ep000001/state_000047_left.jpg,images/ep000001/state_000047_wrist.jpg
ep000001,48,Put the candy bar on the left side of the first shelf,Put the candy bar on the left side of the first shelf,6,750,8,/home/exouser/openpi/droid_sanity/clusters/ep000001/state_000048_chunks_minkowski.png,/home/exouser/openpi/droid_sanity/clusters/ep000001/state_000048_chunks_minkowski_percluster.png,/home/exouser/openpi/droid_sanity/clusters/ep000001/state_000048_minkowski.csv,images/ep000001/state_000048_left.jpg,images/ep000001/state_000048_wrist.jpg
ep000001,49,Put the candy bar on the left side of the first shelf,Put the candy bar on the left side of the first shelf,7,750,8,/home/exouser/openpi/droid_sanity/clusters/ep000001/state_000049_chunks_minkowski.png,/home/exouser/openpi/droid_sanity/clusters/ep000001/state_000049_chunks_minkowski_percluster.png,/home/exouser/openpi/droid_sanity/clusters/ep000001/state_000049_minkowski.csv,images/ep000001/state_000049_left.jpg,images/ep000001/state_000049_wrist.jpg
ep000001,50,Put the candy bar on the left side of the first shelf,Put the candy bar on the left side of the first shelf,8,750,8,/home/exouser/openpi/droid_sanity/clusters/ep000001/state_000050_chunks_minkowski.png,/home/exouser/openpi/droid_sanity/clusters/ep000001/state_000050_chunks_minkowski_percluster.png,/home/exouser/openpi/droid_sanity/clusters/ep000001/state_000050_minkowski.csv,images/ep000001/state_000050_left.jpg,images/ep000001/state_000050_wrist.jpg
ep000001,51,Put the candy bar on the left side of the first shelf,Put the candy bar on the left side of the first shelf,9,750,8,/home/exouser/openpi/droid_sanity/clusters/ep000001/state_000051_chunks_minkowski.png,/home/exouser/openpi/droid_sanity/clusters/ep000001/state_000051_chunks_minkowski_percluster.png,/home/exouser/openpi/droid_sanity/clusters/ep000001/state_000051_minkowski.csv,images/ep000001/state_000051_left.jpg,images/ep000001/state_000051_wrist.jpg
ep000001,52,Put the candy bar on the left side of the first shelf,Put the candy bar on the left side of the first shelf,10,750,8,/home/exouser/openpi/droid_sanity/clusters/ep000001/state_000052_chunks_minkowski.png,/home/exouser/openpi/droid_sanity/clusters/ep000001/state_000052_chunks_minkowski_percluster.png,/home/exouser/openpi/droid_sanity/clusters/ep000001/state_000052_minkowski.csv,images/ep000001/state_000052_left.jpg,images/ep000001/state_000052_wrist.jpg
ep000001,53,Put the candy bar on the left side of the first shelf,Put the candy bar on the left side of the first shelf,11,750,8,/home/exouser/openpi/droid_sanity/clusters/ep000001/state_000053_chunks_minkowski.png,/home/exouser/openpi/droid_sanity/clusters/ep000001/state_000053_chunks_minkowski_percluster.png,/home/exouser/openpi/droid_sanity/clusters/ep000001/state_000053_minkowski.csv,images/ep000001/state_000053_left.jpg,images/ep000001/state_000053_wrist.jpg
ep000001,54,Put the candy bar on the left side of the first shelf,Put the candy bar on the left side of the first shelf,12,750,8,/home/exouser/openpi/droid_sanity/clusters/ep000001/state_000054_chunks_minkowski.png,/home/exouser/openpi/droid_sanity/clusters/ep000001/state_000054_chunks_minkowski_percluster.png,/home/exouser/openpi/droid_sanity/clusters/ep000001/state_000054_minkowski.csv,images/ep000001/state_000054_left.jpg,images/ep000001/state_000054_wrist.jpg
ep000001,55,Put the candy bar on the left side of the first shelf,Put the candy bar on the left side of the first shelf,13,750,8,/home/exouser/openpi/droid_sanity/clusters/ep000001/state_000055_chunks_minkowski.png,/home/exouser/openpi/droid_sanity/clusters/ep000001/state_000055_chunks_minkowski_percluster.png,/home/exouser/openpi/droid_sanity/clusters/ep000001/state_000055_minkowski.csv,images/ep000001/state_000055_left.jpg,images/ep000001/state_000055_wrist.jpg
ep000001,56,Put the candy bar on the left side of the first shelf,Put the candy bar on the left side of the first shelf,14,750,8,/home/exouser/openpi/droid_sanity/clusters/ep000001/state_000056_chunks_minkowski.png,/home/exouser/openpi/droid_sanity/clusters/ep000001/state_000056_chunks_minkowski_percluster.png,/home/exouser/openpi/droid_sanity/clusters/ep000001/state_000056_minkowski.csv,images/ep000001/state_000056_left.jpg,images/ep000001/state_000056_wrist.jpg
ep000001,57,Put the candy bar on the left side of the first shelf,Put the candy bar on the left side of the first shelf,15,750,8,/home/exouser/openpi/droid_sanity/clusters/ep000001/state_000057_chunks_minkowski.png,/home/exouser/openpi/droid_sanity/clusters/ep000001/state_000057_chunks_minkowski_percluster.png,/home/exouser/openpi/droid_sanity/clusters/ep000001/state_000057_minkowski.csv,images/ep000001/state_000057_left.jpg,images/ep000001/state_000057_wrist.jpg
ep000001,58,Put the candy bar on the left side of the first shelf,Put the candy bar on the left side of the first shelf,16,750,8,/home/exouser/openpi/droid_sanity/clusters/ep000001/state_000058_chunks_minkowski.png,/home/exouser/openpi/droid_sanity/clusters/ep000001/state_000058_chunks_minkowski_percluster.png,/home/exouser/openpi/droid_sanity/clusters/ep000001/state_000058_minkowski.csv,images/ep000001/state_000058_left.jpg,images/ep000001/state_000058_wrist.jpg
ep000001,59,Put the candy bar on the left side of the first shelf,Put the candy bar on the left side of the first shelf,17,750,8,/home/exouser/openpi/droid_sanity/clusters/ep000001/state_000059_chunks_minkowski.png,/home/exouser/openpi/droid_sanity/clusters/ep000001/state_000059_chunks_minkowski_percluster.png,/home/exouser/openpi/droid_sanity/clusters/ep000001/state_000059_minkowski.csv,images/ep000001/state_000059_left.jpg,images/ep000001/state_000059_wrist.jpg
ep000001,60,Put the candy bar on the left side of the first shelf,Put the candy bar on the left side of the first shelf,18,750,8,/home/exouser/openpi/droid_sanity/clusters/ep000001/state_000060_chunks_minkowski.png,/home/exouser/openpi/droid_sanity/clusters/ep000001/state_000060_chunks_minkowski_percluster.png,/home/exouser/openpi/droid_sanity/clusters/ep000001/state_000060_minkowski.csv,images/ep000001/state_000060_left.jpg,images/ep000001/state_000060_wrist.jpg
ep000001,61,Put the candy bar on the left side of the first shelf,Put the candy bar on the left side of the first shelf,19,750,8,/home/exouser/openpi/droid_sanity/clusters/ep000001/state_000061_chunks_minkowski.png,/home/exouser/openpi/droid_sanity/clusters/ep000001/state_000061_chunks_minkowski_percluster.png,/home/exouser/openpi/droid_sanity/clusters/ep000001/state_000061_minkowski.csv,images/ep000001/state_000061_left.jpg,images/ep000001/state_000061_wrist.jpg
ep000001,62,Put the candy bar on the left side of the first shelf,Put the candy bar on the left side of the first shelf,20,750,8,/home/exouser/openpi/droid_sanity/clusters/ep000001/state_000062_chunks_minkowski.png,/home/exouser/openpi/droid_sanity/clusters/ep000001/state_000062_chunks_minkowski_percluster.png,/home/exouser/openpi/droid_sanity/clusters/ep000001/state_000062_minkowski.csv,images/ep000001/state_000062_left.jpg,images/ep000001/state_000062_wrist.jpg
ep000001,63,Put the candy bar on the left side of the first shelf,Put the candy bar on the left side of the first shelf,21,750,8,/home/exouser/openpi/droid_sanity/clusters/ep000001/state_000063_chunks_minkowski.png,/home/exouser/openpi/droid_sanity/clusters/ep000001/state_000063_chunks_minkowski_percluster.png,/home/exouser/openpi/droid_sanity/clusters/ep000001/state_000063_minkowski.csv,images/ep000001/state_000063_left.jpg,images/ep000001/state_000063_wrist.jpg
ep000001,64,Put the candy bar on the left side of the first shelf,Put the candy bar on the left side of the first shelf,22,750,8,/home/exouser/openpi/droid_sanity/clusters/ep000001/state_000064_chunks_minkowski.png,/home/exouser/openpi/droid_sanity/clusters/ep000001/state_000064_chunks_minkowski_percluster.png,/home/exouser/openpi/droid_sanity/clusters/ep000001/state_000064_minkowski.csv,images/ep000001/state_000064_left.jpg,images/ep000001/state_000064_wrist.jpg
ep000001,65,Put the candy bar on the left side of the first shelf,Put the candy bar on the left side of the first shelf,23,750,8,/home/exouser/openpi/droid_sanity/clusters/ep000001/state_000065_chunks_minkowski.png,/home/exouser/openpi/droid_sanity/clusters/ep000001/state_000065_chunks_minkowski_percluster.png,/home/exouser/openpi/droid_sanity/clusters/ep000001/state_000065_minkowski.csv,images/ep000001/state_000065_left.jpg,images/ep000001/state_000065_wrist.jpg
ep000001,66,Put the candy bar on the left side of the first shelf,Put the candy bar on the left side of the first shelf,24,750,8,/home/exouser/openpi/droid_sanity/clusters/ep000001/state_000066_chunks_minkowski.png,/home/exouser/openpi/droid_sanity/clusters/ep000001/state_000066_chunks_minkowski_percluster.png,/home/exouser/openpi/droid_sanity/clusters/ep000001/state_000066_minkowski.csv,images/ep000001/state_000066_left.jpg,images/ep000001/state_000066_wrist.jpg
ep000001,67,Put the candy bar on the left side of the first shelf,Put the candy bar on the left side of the first shelf,25,750,8,/home/exouser/openpi/droid_sanity/clusters/ep000001/state_000067_chunks_minkowski.png,/home/exouser/openpi/droid_sanity/clusters/ep000001/state_000067_chunks_minkowski_percluster.png,/home/exouser/openpi/droid_sanity/clusters/ep000001/state_000067_minkowski.csv,images/ep000001/state_000067_left.jpg,images/ep000001/state_000067_wrist.jpg
ep000001,68,Put the candy bar on the left side of the first shelf,Put the candy bar on the left side of the first shelf,26,750,8,/home/exouser/openpi/droid_sanity/clusters/ep000001/state_000068_chunks_minkowski.png,/home/exouser/openpi/droid_sanity/clusters/ep000001/state_000068_chunks_minkowski_percluster.png,/home/exouser/openpi/droid_sanity/clusters/ep000001/state_000068_minkowski.csv,images/ep000001/state_000068_left.jpg,images/ep000001/state_000068_wrist.jpg
ep000001,69,Put the candy bar on the left side of the first shelf,Put the candy bar on the left side of the first shelf,27,750,8,/home/exouser/openpi/droid_sanity/clusters/ep000001/state_000069_chunks_minkowski.png,/home/exouser/openpi/droid_sanity/clusters/ep000001/state_000069_chunks_minkowski_percluster.png,/home/exouser/openpi/droid_sanity/clusters/ep000001/state_000069_minkowski.csv,images/ep000001/state_000069_left.jpg,images/ep000001/state_000069_wrist.jpg
ep000001,70,Put the candy bar on the left side of the first shelf,Put the candy bar on the left side of the first shelf,28,750,8,/home/exouser/openpi/droid_sanity/clusters/ep000001/state_000070_chunks_minkowski.png,/home/exouser/openpi/droid_sanity/clusters/ep000001/state_000070_chunks_minkowski_percluster.png,/home/exouser/openpi/droid_sanity/clusters/ep000001/state_000070_minkowski.csv,images/ep000001/state_000070_left.jpg,images/ep000001/state_000070_wrist.jpg
ep000001,71,Put the candy bar on the left side of the first shelf,Put the candy bar on the left side of the first shelf,29,750,8,/home/exouser/openpi/droid_sanity/clusters/ep000001/state_000071_chunks_minkowski.png,/home/exouser/openpi/droid_sanity/clusters/ep000001/state_000071_chunks_minkowski_percluster.png,/home/exouser/openpi/droid_sanity/clusters/ep000001/state_000071_minkowski.csv,images/ep000001/state_000071_left.jpg,images/ep000001/state_000071_wrist.jpg
ep000001,72,Put the candy bar on the left side of the first shelf,Put the candy bar on the left side of the first shelf,30,750,8,/home/exouser/openpi/droid_sanity/clusters/ep000001/state_000072_chunks_minkowski.png,/home/exouser/openpi/droid_sanity/clusters/ep000001/state_000072_chunks_minkowski_percluster.png,/home/exouser/openpi/droid_sanity/clusters/ep000001/state_000072_minkowski.csv,images/ep000001/state_000072_left.jpg,images/ep000001/state_000072_wrist.jpg
ep000001,73,Put the candy bar on the left side of the first shelf,Put the candy bar on the left side of the first shelf,31,750,8,/home/exouser/openpi/droid_sanity/clusters/ep000001/state_000073_chunks_minkowski.png,/home/exouser/openpi/droid_sanity/clusters/ep000001/state_000073_chunks_minkowski_percluster.png,/home/exouser/openpi/droid_sanity/clusters/ep000001/state_000073_minkowski.csv,images/ep000001/state_000073_left.jpg,images/ep000001/state_000073_wrist.jpg
ep000001,74,Put the candy bar on the left side of the first shelf,Put the candy bar on the left side of the first shelf,32,750,8,/home/exouser/openpi/droid_sanity/clusters/ep000001/state_000074_chunks_minkowski.png,/home/exouser/openpi/droid_sanity/clusters/ep000001/state_000074_chunks_minkowski_percluster.png,/home/exouser/openpi/droid_sanity/clusters/ep000001/state_000074_minkowski.csv,images/ep000001/state_000074_left.jpg,images/ep000001/state_000074_wrist.jpg
ep000001,75,Put the candy bar on the left side of the first shelf,Put the candy bar on the left side of the first shelf,33,750,8,/home/exouser/openpi/droid_sanity/clusters/ep000001/state_000075_chunks_minkowski.png,/home/exouser/openpi/droid_sanity/clusters/ep000001/state_000075_chunks_minkowski_percluster.png,/home/exouser/openpi/droid_sanity/clusters/ep000001/state_000075_minkowski.csv,images/ep000001/state_000075_left.jpg,images/ep000001/state_000075_wrist.jpg
ep000001,76,Put the candy bar on the left side of the first shelf,Put the candy bar on the left side of the first shelf,34,750,8,/home/exouser/openpi/droid_sanity/clusters/ep000001/state_000076_chunks_minkowski.png,/home/exouser/openpi/droid_sanity/clusters/ep000001/state_000076_chunks_minkowski_percluster.png,/home/exouser/openpi/droid_sanity/clusters/ep000001/state_000076_minkowski.csv,images/ep000001/state_000076_left.jpg,images/ep000001/state_000076_wrist.jpg
ep000001,77,Put the candy bar on the left side of the first shelf,Put the candy bar on the left side of the first shelf,35,750,8,/home/exouser/openpi/droid_sanity/clusters/ep000001/state_000077_chunks_minkowski.png,/home/exouser/openpi/droid_sanity/clusters/ep000001/state_000077_chunks_minkowski_percluster.png,/home/exouser/openpi/droid_sanity/clusters/ep000001/state_000077_minkowski.csv,images/ep000001/state_000077_left.jpg,images/ep000001/state_000077_wrist.jpg
ep000001,78,Put the candy bar on the left side of the first shelf,Put the candy bar on the left side of the first shelf,36,750,8,/home/exouser/openpi/droid_sanity/clusters/ep000001/state_000078_chunks_minkowski.png,/home/exouser/openpi/droid_sanity/clusters/ep000001/state_000078_chunks_minkowski_percluster.png,/home/exouser/openpi/droid_sanity/clusters/ep000001/state_000078_minkowski.csv,images/ep000001/state_000078_left.jpg,images/ep000001/state_000078_wrist.jpg
ep000001,79,Put the candy bar on the left side of the first shelf,Put the candy bar on the left side of the first shelf,37,750,8,/home/exouser/openpi/droid_sanity/clusters/ep000001/state_000079_chunks_minkowski.png,/home/exouser/openpi/droid_sanity/clusters/ep000001/state_000079_chunks_minkowski_percluster.png,/home/exouser/openpi/droid_sanity/clusters/ep000001/state_000079_minkowski.csv,images/ep000001/state_000079_left.jpg,images/ep000001/state_000079_wrist.jpg
ep000001,80,Put the candy bar on the left side of the first shelf,Put the candy bar on the left side of the first shelf,38,750,8,/home/exouser/openpi/droid_sanity/clusters/ep000001/state_000080_chunks_minkowski.png,/home/exouser/openpi/droid_sanity/clusters/ep000001/state_000080_chunks_minkowski_percluster.png,/home/exouser/openpi/droid_sanity/clusters/ep000001/state_000080_minkowski.csv,images/ep000001/state_000080_left.jpg,images/ep000001/state_000080_wrist.jpg
ep000001,81,Put the candy bar on the left side of the first shelf,Put the candy bar on the left side of the first shelf,39,750,8,/home/exouser/openpi/droid_sanity/clusters/ep000001/state_000081_chunks_minkowski.png,/home/exouser/openpi/droid_sanity/clusters/ep000001/state_000081_chunks_minkowski_percluster.png,/home/exouser/openpi/droid_sanity/clusters/ep000001/state_000081_minkowski.csv,images/ep000001/state_000081_left.jpg,images/ep000001/state_000081_wrist.jpg
ep000001,82,Put the candy bar on the left side of the first shelf,Put the candy bar on the left side of the first shelf,40,750,8,/home/exouser/openpi/droid_sanity/clusters/ep000001/state_000082_chunks_minkowski.png,/home/exouser/openpi/droid_sanity/clusters/ep000001/state_000082_chunks_minkowski_percluster.png,/home/exouser/openpi/droid_sanity/clusters/ep000001/state_000082_minkowski.csv,images/ep000001/state_000082_left.jpg,images/ep000001/state_000082_wrist.jpg
ep000001,83,Put the candy bar on the left side of the first shelf,Put the candy bar on the left side of the first shelf,41,750,8,/home/exouser/openpi/droid_sanity/clusters/ep000001/state_000083_chunks_minkowski.png,/home/exouser/openpi/droid_sanity/clusters/ep000001/state_000083_chunks_minkowski_percluster.png,/home/exouser/openpi/droid_sanity/clusters/ep000001/state_000083_minkowski.csv,images/ep000001/state_000083_left.jpg,images/ep000001/state_000083_wrist.jpg
ep000001,84,Put the candy bar on the left side of the first shelf,Put the candy bar on the left side of the first shelf,42,750,8,/home/exouser/openpi/droid_sanity/clusters/ep000001/state_000084_chunks_minkowski.png,/home/exouser/openpi/droid_sanity/clusters/ep000001/state_000084_chunks_minkowski_percluster.png,/home/exouser/openpi/droid_sanity/clusters/ep000001/state_000084_minkowski.csv,images/ep000001/state_000084_left.jpg,images/ep000001/state_000084_wrist.jpg
ep000001,85,Put the candy bar on the left side of the first shelf,Put the candy bar on the left side of the first shelf,43,750,8,/home/exouser/openpi/droid_sanity/clusters/ep000001/state_000085_chunks_minkowski.png,/home/exouser/openpi/droid_sanity/clusters/ep000001/state_000085_chunks_minkowski_percluster.png,/home/exouser/openpi/droid_sanity/clusters/ep000001/state_000085_minkowski.csv,images/ep000001/state_000085_left.jpg,images/ep000001/state_000085_wrist.jpg
ep000001,86,Put the candy bar on the left side of the first shelf,Put the candy bar on the left side of the first shelf,44,750,8,/home/exouser/openpi/droid_sanity/clusters/ep000001/state_000086_chunks_minkowski.png,/home/exouser/openpi/droid_sanity/clusters/ep000001/state_000086_chunks_minkowski_percluster.png,/home/exouser/openpi/droid_sanity/clusters/ep000001/state_000086_minkowski.csv,images/ep000001/state_000086_left.jpg,images/ep000001/state_000086_wrist.jpg
ep000001,87,Put the candy bar on the left side of the first shelf,Put the candy bar on the left side of the first shelf,45,750,8,/home/exouser/openpi/droid_sanity/clusters/ep000001/state_000087_chunks_minkowski.png,/home/exouser/openpi/droid_sanity/clusters/ep000001/state_000087_chunks_minkowski_percluster.png,/home/exouser/openpi/droid_sanity/clusters/ep000001/state_000087_minkowski.csv,images/ep000001/state_000087_left.jpg,images/ep000001/state_000087_wrist.jpg
ep000001,88,Put the candy bar on the left side of the first shelf,Put the candy bar on the left side of the first shelf,46,750,8,/home/exouser/openpi/droid_sanity/clusters/ep000001/state_000088_chunks_minkowski.png,/home/exouser/openpi/droid_sanity/clusters/ep000001/state_000088_chunks_minkowski_percluster.png,/home/exouser/openpi/droid_sanity/clusters/ep000001/state_000088_minkowski.csv,images/ep000001/state_000088_left.jpg,images/ep000001/state_000088_wrist.jpg
ep000001,89,Put the candy bar on the left side of the first shelf,Put the candy bar on the left side of the first shelf,47,750,8,/home/exouser/openpi/droid_sanity/clusters/ep000001/state_000089_chunks_minkowski.png,/home/exouser/openpi/droid_sanity/clusters/ep000001/state_000089_chunks_minkowski_percluster.png,/home/exouser/openpi/droid_sanity/clusters/ep000001/state_000089_minkowski.csv,images/ep000001/state_000089_left.jpg,images/ep000001/state_000089_wrist.jpg
ep000001,90,Put the candy bar on the left side of the first shelf,Put the candy bar on the left side of the first shelf,48,750,8,/home/exouser/openpi/droid_sanity/clusters/ep000001/state_000090_chunks_minkowski.png,/home/exouser/openpi/droid_sanity/clusters/ep000001/state_000090_chunks_minkowski_percluster.png,/home/exouser/openpi/droid_sanity/clusters/ep000001/state_000090_minkowski.csv,images/ep000001/state_000090_left.jpg,images/ep000001/state_000090_wrist.jpg
ep000001,91,Put the candy bar on the left side of the first shelf,Put the candy bar on the left side of the first shelf,49,750,8,/home/exouser/openpi/droid_sanity/clusters/ep000001/state_000091_chunks_minkowski.png,/home/exouser/openpi/droid_sanity/clusters/ep000001/state_000091_chunks_minkowski_percluster.png,/home/exouser/openpi/droid_sanity/clusters/ep000001/state_000091_minkowski.csv,images/ep000001/state_000091_left.jpg,images/ep000001/state_000091_wrist.jpg
ep000001,92,Put the candy bar on the left side of the first shelf,Put the candy bar on the left side of the first shelf,50,750,8,/home/exouser/openpi/droid_sanity/clusters/ep000001/state_000092_chunks_minkowski.png,/home/exouser/openpi/droid_sanity/clusters/ep000001/state_000092_chunks_minkowski_percluster.png,/home/exouser/openpi/droid_sanity/clusters/ep000001/state_000092_minkowski.csv,images/ep000001/state_000092_left.jpg,images/ep000001/state_000092_wrist.jpg
ep000001,93,Put the candy bar on the left side of the first shelf,Put the candy bar on the left side of the first shelf,51,750,8,/home/exouser/openpi/droid_sanity/clusters/ep000001/state_000093_chunks_minkowski.png,/home/exouser/openpi/droid_sanity/clusters/ep000001/state_000093_chunks_minkowski_percluster.png,/home/exouser/openpi/droid_sanity/clusters/ep000001/state_000093_minkowski.csv,images/ep000001/state_000093_left.jpg,images/ep000001/state_000093_wrist.jpg
ep000001,94,Put the candy bar on the left side of the first shelf,Put the candy bar on the left side of the first shelf,52,750,8,/home/exouser/openpi/droid_sanity/clusters/ep000001/state_000094_chunks_minkowski.png,/home/exouser/openpi/droid_sanity/clusters/ep000001/state_000094_chunks_minkowski_percluster.png,/home/exouser/openpi/droid_sanity/clusters/ep000001/state_000094_minkowski.csv,images/ep000001/state_000094_left.jpg,images/ep000001/state_000094_wrist.jpg
ep000001,95,Put the candy bar on the left side of the first shelf,Put the candy bar on the left side of the first shelf,53,750,8,/home/exouser/openpi/droid_sanity/clusters/ep000001/state_000095_chunks_minkowski.png,/home/exouser/openpi/droid_sanity/clusters/ep000001/state_000095_chunks_minkowski_percluster.png,/home/exouser/openpi/droid_sanity/clusters/ep000001/state_000095_minkowski.csv,images/ep000001/state_000095_left.jpg,images/ep000001/state_000095_wrist.jpg
ep000001,96,Put the candy bar on the left side of the first shelf,Put the candy bar on the left side of the first shelf,54,750,8,/home/exouser/openpi/droid_sanity/clusters/ep000001/state_000096_chunks_minkowski.png,/home/exouser/openpi/droid_sanity/clusters/ep000001/state_000096_chunks_minkowski_percluster.png,/home/exouser/openpi/droid_sanity/clusters/ep000001/state_000096_minkowski.csv,images/ep000001/state_000096_left.jpg,images/ep000001/state_000096_wrist.jpg
ep000001,97,Put the candy bar on the left side of the first shelf,Put the candy bar on the left side of the first shelf,55,750,8,/home/exouser/openpi/droid_sanity/clusters/ep000001/state_000097_chunks_minkowski.png,/home/exouser/openpi/droid_sanity/clusters/ep000001/state_000097_chunks_minkowski_percluster.png,/home/exouser/openpi/droid_sanity/clusters/ep000001/state_000097_minkowski.csv,images/ep000001/state_000097_left.jpg,images/ep000001/state_000097_wrist.jpg
ep000001,98,Put the candy bar on the left side of the first shelf,Put the candy bar on the left side of the first shelf,56,750,8,/home/exouser/openpi/droid_sanity/clusters/ep000001/state_000098_chunks_minkowski.png,/home/exouser/openpi/droid_sanity/clusters/ep000001/state_000098_chunks_minkowski_percluster.png,/home/exouser/openpi/droid_sanity/clusters/ep000001/state_000098_minkowski.csv,images/ep000001/state_000098_left.jpg,images/ep000001/state_000098_wrist.jpg
ep000001,99,Put the candy bar on the left side of the first shelf,Put the candy bar on the left side of the first shelf,57,750,8,/home/exouser/openpi/droid_sanity/clusters/ep000001/state_000099_chunks_minkowski.png,/home/exouser/openpi/droid_sanity/clusters/ep000001/state_000099_chunks_minkowski_percluster.png,/home/exouser/openpi/droid_sanity/clusters/ep000001/state_000099_minkowski.csv,images/ep000001/state_000099_left.jpg,images/ep000001/state_000099_wrist.jpg
ep000001,100,Put the candy bar on the left side of the first shelf,Put the candy bar on the left side of the first shelf,58,750,8,/home/exouser/openpi/droid_sanity/clusters/ep000001/state_000100_chunks_minkowski.png,/home/exouser/openpi/droid_sanity/clusters/ep000001/state_000100_chunks_minkowski_percluster.png,/home/exouser/openpi/droid_sanity/clusters/ep000001/state_000100_minkowski.csv,images/ep000001/state_000100_left.jpg,images/ep000001/state_000100_wrist.jpg
ep000001,101,Put the candy bar on the left side of the first shelf,Put the candy bar on the left side of the first shelf,59,750,8,/home/exouser/openpi/droid_sanity/clusters/ep000001/state_000101_chunks_minkowski.png,/home/exouser/openpi/droid_sanity/clusters/ep000001/state_000101_chunks_minkowski_percluster.png,/home/exouser/openpi/droid_sanity/clusters/ep000001/state_000101_minkowski.csv,images/ep000001/state_000101_left.jpg,images/ep000001/state_000101_wrist.jpg
ep000001,102,Put the candy bar on the left side of the first shelf,Put the candy bar on the left side of the first shelf,60,750,8,/home/exouser/openpi/droid_sanity/clusters/ep000001/state_000102_chunks_minkowski.png,/home/exouser/openpi/droid_sanity/clusters/ep000001/state_000102_chunks_minkowski_percluster.png,/home/exouser/openpi/droid_sanity/clusters/ep000001/state_000102_minkowski.csv,images/ep000001/state_000102_left.jpg,images/ep000001/state_000102_wrist.jpg
ep000001,103,Put the candy bar on the left side of the first shelf,Put the candy bar on the left side of the first shelf,61,750,8,/home/exouser/openpi/droid_sanity/clusters/ep000001/state_000103_chunks_minkowski.png,/home/exouser/openpi/droid_sanity/clusters/ep000001/state_000103_chunks_minkowski_percluster.png,/home/exouser/openpi/droid_sanity/clusters/ep000001/state_000103_minkowski.csv,images/ep000001/state_000103_left.jpg,images/ep000001/state_000103_wrist.jpg
ep000001,104,Put the candy bar on the left side of the first shelf,Put the candy bar on the left side of the first shelf,62,750,8,/home/exouser/openpi/droid_sanity/clusters/ep000001/state_000104_chunks_minkowski.png,/home/exouser/openpi/droid_sanity/clusters/ep000001/state_000104_chunks_minkowski_percluster.png,/home/exouser/openpi/droid_sanity/clusters/ep000001/state_000104_minkowski.csv,images/ep000001/state_000104_left.jpg,images/ep000001/state_000104_wrist.jpg
ep000001,105,Put the candy bar on the left side of the first shelf,Put the candy bar on the left side of the first shelf,63,750,8,/home/exouser/openpi/droid_sanity/clusters/ep000001/state_000105_chunks_minkowski.png,/home/exouser/openpi/droid_sanity/clusters/ep000001/state_000105_chunks_minkowski_percluster.png,/home/exouser/openpi/droid_sanity/clusters/ep000001/state_000105_minkowski.csv,images/ep000001/state_000105_left.jpg,images/ep000001/state_000105_wrist.jpg
ep000001,106,Put the candy bar on the left side of the first shelf,Put the candy bar on the left side of the first shelf,64,750,8,/home/exouser/openpi/droid_sanity/clusters/ep000001/state_000106_chunks_minkowski.png,/home/exouser/openpi/droid_sanity/clusters/ep000001/state_000106_chunks_minkowski_percluster.png,/home/exouser/openpi/droid_sanity/clusters/ep000001/state_000106_minkowski.csv,images/ep000001/state_000106_left.jpg,images/ep000001/state_000106_wrist.jpg
ep000001,107,Put the candy bar on the left side of the first shelf,Put the candy bar on the left side of the first shelf,65,750,8,/home/exouser/openpi/droid_sanity/clusters/ep000001/state_000107_chunks_minkowski.png,/home/exouser/openpi/droid_sanity/clusters/ep000001/state_000107_chunks_minkowski_percluster.png,/home/exouser/openpi/droid_sanity/clusters/ep000001/state_000107_minkowski.csv,images/ep000001/state_000107_left.jpg,images/ep000001/state_000107_wrist.jpg
ep000001,108,Put the candy bar on the left side of the first shelf,Put the candy bar on the left side of the first shelf,66,750,8,/home/exouser/openpi/droid_sanity/clusters/ep000001/state_000108_chunks_minkowski.png,/home/exouser/openpi/droid_sanity/clusters/ep000001/state_000108_chunks_minkowski_percluster.png,/home/exouser/openpi/droid_sanity/clusters/ep000001/state_000108_minkowski.csv,images/ep000001/state_000108_left.jpg,images/ep000001/state_000108_wrist.jpg
ep000001,109,Put the candy bar on the left side of the first shelf,Put the candy bar on the left side of the first shelf,67,750,8,/home/exouser/openpi/droid_sanity/clusters/ep000001/state_000109_chunks_minkowski.png,/home/exouser/openpi/droid_sanity/clusters/ep000001/state_000109_chunks_minkowski_percluster.png,/home/exouser/openpi/droid_sanity/clusters/ep000001/state_000109_minkowski.csv,images/ep000001/state_000109_left.jpg,images/ep000001/state_000109_wrist.jpg
ep000001,110,Put the candy bar on the left side of the first shelf,Put the candy bar on the left side of the first shelf,68,750,8,/home/exouser/openpi/droid_sanity/clusters/ep000001/state_000110_chunks_minkowski.png,/home/exouser/openpi/droid_sanity/clusters/ep000001/state_000110_chunks_minkowski_percluster.png,/home/exouser/openpi/droid_sanity/clusters/ep000001/state_000110_minkowski.csv,images/ep000001/state_000110_left.jpg,images/ep000001/state_000110_wrist.jpg
ep000001,111,Put the candy bar on the left side of the first shelf,Put the candy bar on the left side of the first shelf,69,750,8,/home/exouser/openpi/droid_sanity/clusters/ep000001/state_000111_chunks_minkowski.png,/home/exouser/openpi/droid_sanity/clusters/ep000001/state_000111_chunks_minkowski_percluster.png,/home/exouser/openpi/droid_sanity/clusters/ep000001/state_000111_minkowski.csv,images/ep000001/state_000111_left.jpg,images/ep000001/state_000111_wrist.jpg
ep000001,112,Put the candy bar on the left side of the first shelf,Put the candy bar on the left side of the first shelf,70,750,8,/home/exouser/openpi/droid_sanity/clusters/ep000001/state_000112_chunks_minkowski.png,/home/exouser/openpi/droid_sanity/clusters/ep000001/state_000112_chunks_minkowski_percluster.png,/home/exouser/openpi/droid_sanity/clusters/ep000001/state_000112_minkowski.csv,images/ep000001/state_000112_left.jpg,images/ep000001/state_000112_wrist.jpg
ep000001,113,Put the candy bar on the left side of the first shelf,Put the candy bar on the left side of the first shelf,71,750,8,/home/exouser/openpi/droid_sanity/clusters/ep000001/state_000113_chunks_minkowski.png,/home/exouser/openpi/droid_sanity/clusters/ep000001/state_000113_chunks_minkowski_percluster.png,/home/exouser/openpi/droid_sanity/clusters/ep000001/state_000113_minkowski.csv,images/ep000001/state_000113_left.jpg,images/ep000001/state_000113_wrist.jpg
ep000001,114,Put the candy bar on the left side of the first shelf,Put the candy bar on the left side of the first shelf,72,750,8,/home/exouser/openpi/droid_sanity/clusters/ep000001/state_000114_chunks_minkowski.png,/home/exouser/openpi/droid_sanity/clusters/ep000001/state_000114_chunks_minkowski_percluster.png,/home/exouser/openpi/droid_sanity/clusters/ep000001/state_000114_minkowski.csv,images/ep000001/state_000114_left.jpg,images/ep000001/state_000114_wrist.jpg
ep000001,115,Put the candy bar on the left side of the first shelf,Put the candy bar on the left side of the first shelf,73,750,8,/home/exouser/openpi/droid_sanity/clusters/ep000001/state_000115_chunks_minkowski.png,/home/exouser/openpi/droid_sanity/clusters/ep000001/state_000115_chunks_minkowski_percluster.png,/home/exouser/openpi/droid_sanity/clusters/ep000001/state_000115_minkowski.csv,images/ep000001/state_000115_left.jpg,images/ep000001/state_000115_wrist.jpg
ep000001,116,Put the candy bar on the left side of the first shelf,Put the candy bar on the left side of the first shelf,74,750,8,/home/exouser/openpi/droid_sanity/clusters/ep000001/state_000116_chunks_minkowski.png,/home/exouser/openpi/droid_sanity/clusters/ep000001/state_000116_chunks_minkowski_percluster.png,/home/exouser/openpi/droid_sanity/clusters/ep000001/state_000116_minkowski.csv,images/ep000001/state_000116_left.jpg,images/ep000001/state_000116_wrist.jpg
ep000001,117,Put the candy bar on the left side of the first shelf,Put the candy bar on the left side of the first shelf,75,750,8,/home/exouser/openpi/droid_sanity/clusters/ep000001/state_000117_chunks_minkowski.png,/home/exouser/openpi/droid_sanity/clusters/ep000001/state_000117_chunks_minkowski_percluster.png,/home/exouser/openpi/droid_sanity/clusters/ep000001/state_000117_minkowski.csv,images/ep000001/state_000117_left.jpg,images/ep000001/state_000117_wrist.jpg
ep000001,118,Put the candy bar on the left side of the first shelf,Put the candy bar on the left side of the first shelf,76,750,8,/home/exouser/openpi/droid_sanity/clusters/ep000001/state_000118_chunks_minkowski.png,/home/exouser/openpi/droid_sanity/clusters/ep000001/state_000118_chunks_minkowski_percluster.png,/home/exouser/openpi/droid_sanity/clusters/ep000001/state_000118_minkowski.csv,images/ep000001/state_000118_left.jpg,images/ep000001/state_000118_wrist.jpg
ep000001,119,Put the candy bar on the left side of the first shelf,Put the candy bar on the left side of the first shelf,77,750,8,/home/exouser/openpi/droid_sanity/clusters/ep000001/state_000119_chunks_minkowski.png,/home/exouser/openpi/droid_sanity/clusters/ep000001/state_000119_chunks_minkowski_percluster.png,/home/exouser/openpi/droid_sanity/clusters/ep000001/state_000119_minkowski.csv,images/ep000001/state_000119_left.jpg,images/ep000001/state_000119_wrist.jpg
ep000001,120,Put the candy bar on the left side of the first shelf,Put the candy bar on the left side of the first shelf,78,750,8,/home/exouser/openpi/droid_sanity/clusters/ep000001/state_000120_chunks_minkowski.png,/home/exouser/openpi/droid_sanity/clusters/ep000001/state_000120_chunks_minkowski_percluster.png,/home/exouser/openpi/droid_sanity/clusters/ep000001/state_000120_minkowski.csv,images/ep000001/state_000120_left.jpg,images/ep000001/state_000120_wrist.jpg
ep000001,121,Put the candy bar on the left side of the first shelf,Put the candy bar on the left side of the first shelf,79,750,8,/home/exouser/openpi/droid_sanity/clusters/ep000001/state_000121_chunks_minkowski.png,/home/exouser/openpi/droid_sanity/clusters/ep000001/state_000121_chunks_minkowski_percluster.png,/home/exouser/openpi/droid_sanity/clusters/ep000001/state_000121_minkowski.csv,images/ep000001/state_000121_left.jpg,images/ep000001/state_000121_wrist.jpg
ep000001,122,Put the candy bar on the left side of the first shelf,Put the candy bar on the left side of the first shelf,80,750,8,/home/exouser/openpi/droid_sanity/clusters/ep000001/state_000122_chunks_minkowski.png,/home/exouser/openpi/droid_sanity/clusters/ep000001/state_000122_chunks_minkowski_percluster.png,/home/exouser/openpi/droid_sanity/clusters/ep000001/state_000122_minkowski.csv,images/ep000001/state_000122_left.jpg,images/ep000001/state_000122_wrist.jpg
ep000001,123,Put the candy bar on the left side of the first shelf,Put the candy bar on the left side of the first shelf,81,750,8,/home/exouser/openpi/droid_sanity/clusters/ep000001/state_000123_chunks_minkowski.png,/home/exouser/openpi/droid_sanity/clusters/ep000001/state_000123_chunks_minkowski_percluster.png,/home/exouser/openpi/droid_sanity/clusters/ep000001/state_000123_minkowski.csv,images/ep000001/state_000123_left.jpg,images/ep000001/state_000123_wrist.jpg
ep000001,124,Put the candy bar on the left side of the first shelf,Put the candy bar on the left side of the first shelf,82,750,8,/home/exouser/openpi/droid_sanity/clusters/ep000001/state_000124_chunks_minkowski.png,/home/exouser/openpi/droid_sanity/clusters/ep000001/state_000124_chunks_minkowski_percluster.png,/home/exouser/openpi/droid_sanity/clusters/ep000001/state_000124_minkowski.csv,images/ep000001/state_000124_left.jpg,images/ep000001/state_000124_wrist.jpg
ep000001,125,Put the candy bar on the left side of the first shelf,Put the candy bar on the left side of the first shelf,83,750,8,/home/exouser/openpi/droid_sanity/clusters/ep000001/state_000125_chunks_minkowski.png,/home/exouser/openpi/droid_sanity/clusters/ep000001/state_000125_chunks_minkowski_percluster.png,/home/exouser/openpi/droid_sanity/clusters/ep000001/state_000125_minkowski.csv,images/ep000001/state_000125_left.jpg,images/ep000001/state_000125_wrist.jpg
ep000001,126,Put the candy bar on the left side of the first shelf,Put the candy bar on the left side of the first shelf,84,750,8,/home/exouser/openpi/droid_sanity/clusters/ep000001/state_000126_chunks_minkowski.png,/home/exouser/openpi/droid_sanity/clusters/ep000001/state_000126_chunks_minkowski_percluster.png,/home/exouser/openpi/droid_sanity/clusters/ep000001/state_000126_minkowski.csv,images/ep000001/state_000126_left.jpg,images/ep000001/state_000126_wrist.jpg
ep000001,127,Put the candy bar on the left side of the first shelf,Put the candy bar on the left side of the first shelf,85,750,8,/home/exouser/openpi/droid_sanity/clusters/ep000001/state_000127_chunks_minkowski.png,/home/exouser/openpi/droid_sanity/clusters/ep000001/state_000127_chunks_minkowski_percluster.png,/home/exouser/openpi/droid_sanity/clusters/ep000001/state_000127_minkowski.csv,images/ep000001/state_000127_left.jpg,images/ep000001/state_000127_wrist.jpg
ep000001,128,Put the candy bar on the left side of the first shelf,Put the candy bar on the left side of the first shelf,86,750,8,/home/exouser/openpi/droid_sanity/clusters/ep000001/state_000128_chunks_minkowski.png,/home/exouser/openpi/droid_sanity/clusters/ep000001/state_000128_chunks_minkowski_percluster.png,/home/exouser/openpi/droid_sanity/clusters/ep000001/state_000128_minkowski.csv,images/ep000001/state_000128_left.jpg,images/ep000001/state_000128_wrist.jpg
ep000001,129,Put the candy bar on the left side of the first shelf,Put the candy bar on the left side of the first shelf,87,750,8,/home/exouser/openpi/droid_sanity/clusters/ep000001/state_000129_chunks_minkowski.png,/home/exouser/openpi/droid_sanity/clusters/ep000001/state_000129_chunks_minkowski_percluster.png,/home/exouser/openpi/droid_sanity/clusters/ep000001/state_000129_minkowski.csv,images/ep000001/state_000129_left.jpg,images/ep000001/state_000129_wrist.jpg
ep000001,130,Put the candy bar on the left side of the first shelf,Put the candy bar on the left side of the first shelf,88,750,8,/home/exouser/openpi/droid_sanity/clusters/ep000001/state_000130_chunks_minkowski.png,/home/exouser/openpi/droid_sanity/clusters/ep000001/state_000130_chunks_minkowski_percluster.png,/home/exouser/openpi/droid_sanity/clusters/ep000001/state_000130_minkowski.csv,images/ep000001/state_000130_left.jpg,images/ep000001/state_000130_wrist.jpg
ep000001,131,Put the candy bar on the left side of the first shelf,Put the candy bar on the left side of the first shelf,89,750,8,/home/exouser/openpi/droid_sanity/clusters/ep000001/state_000131_chunks_minkowski.png,/home/exouser/openpi/droid_sanity/clusters/ep000001/state_000131_chunks_minkowski_percluster.png,/home/exouser/openpi/droid_sanity/clusters/ep000001/state_000131_minkowski.csv,images/ep000001/state_000131_left.jpg,images/ep000001/state_000131_wrist.jpg
ep000001,132,Put the candy bar on the left side of the first shelf,Put the candy bar on the left side of the first shelf,90,750,8,/home/exouser/openpi/droid_sanity/clusters/ep000001/state_000132_chunks_minkowski.png,/home/exouser/openpi/droid_sanity/clusters/ep000001/state_000132_chunks_minkowski_percluster.png,/home/exouser/openpi/droid_sanity/clusters/ep000001/state_000132_minkowski.csv,images/ep000001/state_000132_left.jpg,images/ep000001/state_000132_wrist.jpg
ep000001,133,Put the candy bar on the left side of the first shelf,Put the candy bar on the left side of the first shelf,91,750,8,/home/exouser/openpi/droid_sanity/clusters/ep000001/state_000133_chunks_minkowski.png,/home/exouser/openpi/droid_sanity/clusters/ep000001/state_000133_chunks_minkowski_percluster.png,/home/exouser/openpi/droid_sanity/clusters/ep000001/state_000133_minkowski.csv,images/ep000001/state_000133_left.jpg,images/ep000001/state_000133_wrist.jpg
ep000001,134,Put the candy bar on the left side of the first shelf,Put the candy bar on the left side of the first shelf,92,750,8,/home/exouser/openpi/droid_sanity/clusters/ep000001/state_000134_chunks_minkowski.png,/home/exouser/openpi/droid_sanity/clusters/ep000001/state_000134_chunks_minkowski_percluster.png,/home/exouser/openpi/droid_sanity/clusters/ep000001/state_000134_minkowski.csv,images/ep000001/state_000134_left.jpg,images/ep000001/state_000134_wrist.jpg
ep000001,135,Put the candy bar on the left side of the first shelf,Put the candy bar on the left side of the first shelf,93,750,8,/home/exouser/openpi/droid_sanity/clusters/ep000001/state_000135_chunks_minkowski.png,/home/exouser/openpi/droid_sanity/clusters/ep000001/state_000135_chunks_minkowski_percluster.png,/home/exouser/openpi/droid_sanity/clusters/ep000001/state_000135_minkowski.csv,images/ep000001/state_000135_left.jpg,images/ep000001/state_000135_wrist.jpg
ep000001,136,Put the candy bar on the left side of the first shelf,Put the candy bar on the left side of the first shelf,94,750,8,/home/exouser/openpi/droid_sanity/clusters/ep000001/state_000136_chunks_minkowski.png,/home/exouser/openpi/droid_sanity/clusters/ep000001/state_000136_chunks_minkowski_percluster.png,/home/exouser/openpi/droid_sanity/clusters/ep000001/state_000136_minkowski.csv,images/ep000001/state_000136_left.jpg,images/ep000001/state_000136_wrist.jpg
ep000001,137,Put the candy bar on the left side of the first shelf,Put the candy bar on the left side of the first shelf,95,750,8,/home/exouser/openpi/droid_sanity/clusters/ep000001/state_000137_chunks_minkowski.png,/home/exouser/openpi/droid_sanity/clusters/ep000001/state_000137_chunks_minkowski_percluster.png,/home/exouser/openpi/droid_sanity/clusters/ep000001/state_000137_minkowski.csv,images/ep000001/state_000137_left.jpg,images/ep000001/state_000137_wrist.jpg
ep000001,138,Put the candy bar on the left side of the first shelf,Put the candy bar on the left side of the first shelf,96,750,8,/home/exouser/openpi/droid_sanity/clusters/ep000001/state_000138_chunks_minkowski.png,/home/exouser/openpi/droid_sanity/clusters/ep000001/state_000138_chunks_minkowski_percluster.png,/home/exouser/openpi/droid_sanity/clusters/ep000001/state_000138_minkowski.csv,images/ep000001/state_000138_left.jpg,images/ep000001/state_000138_wrist.jpg
ep000001,139,Put the candy bar on the left side of the first shelf,Put the candy bar on the left side of the first shelf,97,750,8,/home/exouser/openpi/droid_sanity/clusters/ep000001/state_000139_chunks_minkowski.png,/home/exouser/openpi/droid_sanity/clusters/ep000001/state_000139_chunks_minkowski_percluster.png,/home/exouser/openpi/droid_sanity/clusters/ep000001/state_000139_minkowski.csv,images/ep000001/state_000139_left.jpg,images/ep000001/state_000139_wrist.jpg
ep000001,140,Put the candy bar on the left side of the first shelf,Put the candy bar on the left side of the first shelf,98,750,8,/home/exouser/openpi/droid_sanity/clusters/ep000001/state_000140_chunks_minkowski.png,/home/exouser/openpi/droid_sanity/clusters/ep000001/state_000140_chunks_minkowski_percluster.png,/home/exouser/openpi/droid_sanity/clusters/ep000001/state_000140_minkowski.csv,images/ep000001/state_000140_left.jpg,images/ep000001/state_000140_wrist.jpg
ep000001,141,Put the candy bar on the left side of the first shelf,Put the candy bar on the left side of the first shelf,99,750,8,/home/exouser/openpi/droid_sanity/clusters/ep000001/state_000141_chunks_minkowski.png,/home/exouser/openpi/droid_sanity/clusters/ep000001/state_000141_chunks_minkowski_percluster.png,/home/exouser/openpi/droid_sanity/clusters/ep000001/state_000141_minkowski.csv,images/ep000001/state_000141_left.jpg,images/ep000001/state_000141_wrist.jpg
ep000001,142,Put the candy bar on the left side of the first shelf,Put the candy bar on the left side of the first shelf,100,750,8,/home/exouser/openpi/droid_sanity/clusters/ep000001/state_000142_chunks_minkowski.png,/home/exouser/openpi/droid_sanity/clusters/ep000001/state_000142_chunks_minkowski_percluster.png,/home/exouser/openpi/droid_sanity/clusters/ep000001/state_000142_minkowski.csv,images/ep000001/state_000142_left.jpg,images/ep000001/state_000142_wrist.jpg
ep000001,143,Put the candy bar on the left side of the first shelf,Put the candy bar on the left side of the first shelf,101,750,8,/home/exouser/openpi/droid_sanity/clusters/ep000001/state_000143_chunks_minkowski.png,/home/exouser/openpi/droid_sanity/clusters/ep000001/state_000143_chunks_minkowski_percluster.png,/home/exouser/openpi/droid_sanity/clusters/ep000001/state_000143_minkowski.csv,images/ep000001/state_000143_left.jpg,images/ep000001/state_000143_wrist.jpg
ep000001,144,Put the candy bar on the left side of the first shelf,Put the candy bar on the left side of the first shelf,102,750,8,/home/exouser/openpi/droid_sanity/clusters/ep000001/state_000144_chunks_minkowski.png,/home/exouser/openpi/droid_sanity/clusters/ep000001/state_000144_chunks_minkowski_percluster.png,/home/exouser/openpi/droid_sanity/clusters/ep000001/state_000144_minkowski.csv,images/ep000001/state_000144_left.jpg,images/ep000001/state_000144_wrist.jpg
ep000001,145,Put the candy bar on the left side of the first shelf,Put the candy bar on the left side of the first shelf,103,750,8,/home/exouser/openpi/droid_sanity/clusters/ep000001/state_000145_chunks_minkowski.png,/home/exouser/openpi/droid_sanity/clusters/ep000001/state_000145_chunks_minkowski_percluster.png,/home/exouser/openpi/droid_sanity/clusters/ep000001/state_000145_minkowski.csv,images/ep000001/state_000145_left.jpg,images/ep000001/state_000145_wrist.jpg
ep000001,146,Put the candy bar on the left side of the first shelf,Put the candy bar on the left side of the first shelf,104,750,8,/home/exouser/openpi/droid_sanity/clusters/ep000001/state_000146_chunks_minkowski.png,/home/exouser/openpi/droid_sanity/clusters/ep000001/state_000146_chunks_minkowski_percluster.png,/home/exouser/openpi/droid_sanity/clusters/ep000001/state_000146_minkowski.csv,images/ep000001/state_000146_left.jpg,images/ep000001/state_000146_wrist.jpg
ep000001,147,Put the candy bar on the left side of the first shelf,Put the candy bar on the left side of the first shelf,105,750,8,/home/exouser/openpi/droid_sanity/clusters/ep000001/state_000147_chunks_minkowski.png,/home/exouser/openpi/droid_sanity/clusters/ep000001/state_000147_chunks_minkowski_percluster.png,/home/exouser/openpi/droid_sanity/clusters/ep000001/state_000147_minkowski.csv,images/ep000001/state_000147_left.jpg,images/ep000001/state_000147_wrist.jpg
ep000001,148,Put the candy bar on the left side of the first shelf,Put the candy bar on the left side of the first shelf,106,750,8,/home/exouser/openpi/droid_sanity/clusters/ep000001/state_000148_chunks_minkowski.png,/home/exouser/openpi/droid_sanity/clusters/ep000001/state_000148_chunks_minkowski_percluster.png,/home/exouser/openpi/droid_sanity/clusters/ep000001/state_000148_minkowski.csv,images/ep000001/state_000148_left.jpg,images/ep000001/state_000148_wrist.jpg
ep000001,149,Put the candy bar on the left side of the first shelf,Put the candy bar on the left side of the first shelf,107,750,8,/home/exouser/openpi/droid_sanity/clusters/ep000001/state_000149_chunks_minkowski.png,/home/exouser/openpi/droid_sanity/clusters/ep000001/state_000149_chunks_minkowski_percluster.png,/home/exouser/openpi/droid_sanity/clusters/ep000001/state_000149_minkowski.csv,images/ep000001/state_000149_left.jpg,images/ep000001/state_000149_wrist.jpg
ep000001,150,Put the candy bar on the left side of the first shelf,Put the candy bar on the left side of the first shelf,108,750,8,/home/exouser/openpi/droid_sanity/clusters/ep000001/state_000150_chunks_minkowski.png,/home/exouser/openpi/droid_sanity/clusters/ep000001/state_000150_chunks_minkowski_percluster.png,/home/exouser/openpi/droid_sanity/clusters/ep000001/state_000150_minkowski.csv,images/ep000001/state_000150_left.jpg,images/ep000001/state_000150_wrist.jpg
ep000001,151,Put the candy bar on the left side of the first shelf,Put the candy bar on the left side of the first shelf,109,750,8,/home/exouser/openpi/droid_sanity/clusters/ep000001/state_000151_chunks_minkowski.png,/home/exouser/openpi/droid_sanity/clusters/ep000001/state_000151_chunks_minkowski_percluster.png,/home/exouser/openpi/droid_sanity/clusters/ep000001/state_000151_minkowski.csv,images/ep000001/state_000151_left.jpg,images/ep000001/state_000151_wrist.jpg
ep000001,152,Put the candy bar on the left side of the first shelf,Put the candy bar on the left side of the first shelf,110,750,8,/home/exouser/openpi/droid_sanity/clusters/ep000001/state_000152_chunks_minkowski.png,/home/exouser/openpi/droid_sanity/clusters/ep000001/state_000152_chunks_minkowski_percluster.png,/home/exouser/openpi/droid_sanity/clusters/ep000001/state_000152_minkowski.csv,images/ep000001/state_000152_left.jpg,images/ep000001/state_000152_wrist.jpg
ep000001,153,Put the candy bar on the left side of the first shelf,Put the candy bar on the left side of the first shelf,111,750,8,/home/exouser/openpi/droid_sanity/clusters/ep000001/state_000153_chunks_minkowski.png,/home/exouser/openpi/droid_sanity/clusters/ep000001/state_000153_chunks_minkowski_percluster.png,/home/exouser/openpi/droid_sanity/clusters/ep000001/state_000153_minkowski.csv,images/ep000001/state_000153_left.jpg,images/ep000001/state_000153_wrist.jpg
ep000001,154,Put the candy bar on the left side of the first shelf,Put the candy bar on the left side of the first shelf,112,750,8,/home/exouser/openpi/droid_sanity/clusters/ep000001/state_000154_chunks_minkowski.png,/home/exouser/openpi/droid_sanity/clusters/ep000001/state_000154_chunks_minkowski_percluster.png,/home/exouser/openpi/droid_sanity/clusters/ep000001/state_000154_minkowski.csv,images/ep000001/state_000154_left.jpg,images/ep000001/state_000154_wrist.jpg
ep000001,155,Put the candy bar on the left side of the first shelf,Put the candy bar on the left side of the first shelf,113,750,8,/home/exouser/openpi/droid_sanity/clusters/ep000001/state_000155_chunks_minkowski.png,/home/exouser/openpi/droid_sanity/clusters/ep000001/state_000155_chunks_minkowski_percluster.png,/home/exouser/openpi/droid_sanity/clusters/ep000001/state_000155_minkowski.csv,images/ep000001/state_000155_left.jpg,images/ep000001/state_000155_wrist.jpg
ep000001,156,Put the candy bar on the left side of the first shelf,Put the candy bar on the left side of the first shelf,114,750,8,/home/exouser/openpi/droid_sanity/clusters/ep000001/state_000156_chunks_minkowski.png,/home/exouser/openpi/droid_sanity/clusters/ep000001/state_000156_chunks_minkowski_percluster.png,/home/exouser/openpi/droid_sanity/clusters/ep000001/state_000156_minkowski.csv,images/ep000001/state_000156_left.jpg,images/ep000001/state_000156_wrist.jpg
ep000001,157,Put the candy bar on the left side of the first shelf,Put the candy bar on the left side of the first shelf,115,750,8,/home/exouser/openpi/droid_sanity/clusters/ep000001/state_000157_chunks_minkowski.png,/home/exouser/openpi/droid_sanity/clusters/ep000001/state_000157_chunks_minkowski_percluster.png,/home/exouser/openpi/droid_sanity/clusters/ep000001/state_000157_minkowski.csv,images/ep000001/state_000157_left.jpg,images/ep000001/state_000157_wrist.jpg
ep000001,158,Put the candy bar on the left side of the first shelf,Put the candy bar on the left side of the first shelf,116,750,8,/home/exouser/openpi/droid_sanity/clusters/ep000001/state_000158_chunks_minkowski.png,/home/exouser/openpi/droid_sanity/clusters/ep000001/state_000158_chunks_minkowski_percluster.png,/home/exouser/openpi/droid_sanity/clusters/ep000001/state_000158_minkowski.csv,images/ep000001/state_000158_left.jpg,images/ep000001/state_000158_wrist.jpg
ep000001,159,Put the candy bar on the left side of the first shelf,Put the candy bar on the left side of the first shelf,117,750,8,/home/exouser/openpi/droid_sanity/clusters/ep000001/state_000159_chunks_minkowski.png,/home/exouser/openpi/droid_sanity/clusters/ep000001/state_000159_chunks_minkowski_percluster.png,/home/exouser/openpi/droid_sanity/clusters/ep000001/state_000159_minkowski.csv,images/ep000001/state_000159_left.jpg,images/ep000001/state_000159_wrist.jpg
ep000001,160,Put the candy bar on the left side of the first shelf,Put the candy bar on the left side of the first shelf,118,750,8,/home/exouser/openpi/droid_sanity/clusters/ep000001/state_000160_chunks_minkowski.png,/home/exouser/openpi/droid_sanity/clusters/ep000001/state_000160_chunks_minkowski_percluster.png,/home/exouser/openpi/droid_sanity/clusters/ep000001/state_000160_minkowski.csv,images/ep000001/state_000160_left.jpg,images/ep000001/state_000160_wrist.jpg
ep000001,161,Put the candy bar on the left side of the first shelf,Put the candy bar on the left side of the first shelf,119,750,8,/home/exouser/openpi/droid_sanity/clusters/ep000001/state_000161_chunks_minkowski.png,/home/exouser/openpi/droid_sanity/clusters/ep000001/state_000161_chunks_minkowski_percluster.png,/home/exouser/openpi/droid_sanity/clusters/ep000001/state_000161_minkowski.csv,images/ep000001/state_000161_left.jpg,images/ep000001/state_000161_wrist.jpg
ep000001,162,Put the candy bar on the left side of the first shelf,Put the candy bar on the left side of the first shelf,120,750,8,/home/exouser/openpi/droid_sanity/clusters/ep000001/state_000162_chunks_minkowski.png,/home/exouser/openpi/droid_sanity/clusters/ep000001/state_000162_chunks_minkowski_percluster.png,/home/exouser/openpi/droid_sanity/clusters/ep000001/state_000162_minkowski.csv,images/ep000001/state_000162_left.jpg,images/ep000001/state_000162_wrist.jpg
ep000001,163,Put the candy bar on the left side of the first shelf,Put the candy bar on the left side of the first shelf,121,750,8,/home/exouser/openpi/droid_sanity/clusters/ep000001/state_000163_chunks_minkowski.png,/home/exouser/openpi/droid_sanity/clusters/ep000001/state_000163_chunks_minkowski_percluster.png,/home/exouser/openpi/droid_sanity/clusters/ep000001/state_000163_minkowski.csv,images/ep000001/state_000163_left.jpg,images/ep000001/state_000163_wrist.jpg
ep000001,164,Put the candy bar on the left side of the first shelf,Put the candy bar on the left side of the first shelf,122,750,8,/home/exouser/openpi/droid_sanity/clusters/ep000001/state_000164_chunks_minkowski.png,/home/exouser/openpi/droid_sanity/clusters/ep000001/state_000164_chunks_minkowski_percluster.png,/home/exouser/openpi/droid_sanity/clusters/ep000001/state_000164_minkowski.csv,images/ep000001/state_000164_left.jpg,images/ep000001/state_000164_wrist.jpg
ep000001,165,Put the candy bar on the left side of the first shelf,Put the candy bar on the left side of the first shelf,123,750,8,/home/exouser/openpi/droid_sanity/clusters/ep000001/state_000165_chunks_minkowski.png,/home/exouser/openpi/droid_sanity/clusters/ep000001/state_000165_chunks_minkowski_percluster.png,/home/exouser/openpi/droid_sanity/clusters/ep000001/state_000165_minkowski.csv,images/ep000001/state_000165_left.jpg,images/ep000001/state_000165_wrist.jpg
ep000001,166,Put the candy bar on the left side of the first shelf,Put the candy bar on the left side of the first shelf,124,750,8,/home/exouser/openpi/droid_sanity/clusters/ep000001/state_000166_chunks_minkowski.png,/home/exouser/openpi/droid_sanity/clusters/ep000001/state_000166_chunks_minkowski_percluster.png,/home/exouser/openpi/droid_sanity/clusters/ep000001/state_000166_minkowski.csv,images/ep000001/state_000166_left.jpg,images/ep000001/state_000166_wrist.jpg
ep000001,167,Put the candy bar on the left side of the first shelf,Put the candy bar on the left side of the first shelf,125,750,8,/home/exouser/openpi/droid_sanity/clusters/ep000001/state_000167_chunks_minkowski.png,/home/exouser/openpi/droid_sanity/clusters/ep000001/state_000167_chunks_minkowski_percluster.png,/home/exouser/openpi/droid_sanity/clusters/ep000001/state_000167_minkowski.csv,images/ep000001/state_000167_left.jpg,images/ep000001/state_000167_wrist.jpg
ep000001,168,Put the candy bar on the left side of the first shelf,Put the candy bar on the left side of the first shelf,126,750,8,/home/exouser/openpi/droid_sanity/clusters/ep000001/state_000168_chunks_minkowski.png,/home/exouser/openpi/droid_sanity/clusters/ep000001/state_000168_chunks_minkowski_percluster.png,/home/exouser/openpi/droid_sanity/clusters/ep000001/state_000168_minkowski.csv,images/ep000001/state_000168_left.jpg,images/ep000001/state_000168_wrist.jpg
ep000001,169,Put the candy bar on the left side of the first shelf,Put the candy bar on the left side of the first shelf,127,750,8,/home/exouser/openpi/droid_sanity/clusters/ep000001/state_000169_chunks_minkowski.png,/home/exouser/openpi/droid_sanity/clusters/ep000001/state_000169_chunks_minkowski_percluster.png,/home/exouser/openpi/droid_sanity/clusters/ep000001/state_000169_minkowski.csv,images/ep000001/state_000169_left.jpg,images/ep000001/state_000169_wrist.jpg
ep000001,170,Put the candy bar on the left side of the first shelf,Put the candy bar on the left side of the first shelf,128,750,8,/home/exouser/openpi/droid_sanity/clusters/ep000001/state_000170_chunks_minkowski.png,/home/exouser/openpi/droid_sanity/clusters/ep000001/state_000170_chunks_minkowski_percluster.png,/home/exouser/openpi/droid_sanity/clusters/ep000001/state_000170_minkowski.csv,images/ep000001/state_000170_left.jpg,images/ep000001/state_000170_wrist.jpg
ep000001,171,Put the candy bar on the left side of the first shelf,Put the candy bar on the left side of the first shelf,129,750,8,/home/exouser/openpi/droid_sanity/clusters/ep000001/state_000171_chunks_minkowski.png,/home/exouser/openpi/droid_sanity/clusters/ep000001/state_000171_chunks_minkowski_percluster.png,/home/exouser/openpi/droid_sanity/clusters/ep000001/state_000171_minkowski.csv,images/ep000001/state_000171_left.jpg,images/ep000001/state_000171_wrist.jpg
ep000001,172,Put the candy bar on the left side of the first shelf,Put the candy bar on the left side of the first shelf,130,750,8,/home/exouser/openpi/droid_sanity/clusters/ep000001/state_000172_chunks_minkowski.png,/home/exouser/openpi/droid_sanity/clusters/ep000001/state_000172_chunks_minkowski_percluster.png,/home/exouser/openpi/droid_sanity/clusters/ep000001/state_000172_minkowski.csv,images/ep000001/state_000172_left.jpg,images/ep000001/state_000172_wrist.jpg
ep000001,173,Put the candy bar on the left side of the first shelf,Put the candy bar on the left side of the first shelf,131,750,8,/home/exouser/openpi/droid_sanity/clusters/ep000001/state_000173_chunks_minkowski.png,/home/exouser/openpi/droid_sanity/clusters/ep000001/state_000173_chunks_minkowski_percluster.png,/home/exouser/openpi/droid_sanity/clusters/ep000001/state_000173_minkowski.csv,images/ep000001/state_000173_left.jpg,images/ep000001/state_000173_wrist.jpg
ep000001,174,Put the candy bar on the left side of the first shelf,Put the candy bar on the left side of the first shelf,132,750,8,/home/exouser/openpi/droid_sanity/clusters/ep000001/state_000174_chunks_minkowski.png,/home/exouser/openpi/droid_sanity/clusters/ep000001/state_000174_chunks_minkowski_percluster.png,/home/exouser/openpi/droid_sanity/clusters/ep000001/state_000174_minkowski.csv,images/ep000001/state_000174_left.jpg,images/ep000001/state_000174_wrist.jpg
ep000001,175,Put the candy bar on the left side of the first shelf,Put the candy bar on the left side of the first shelf,133,750,8,/home/exouser/openpi/droid_sanity/clusters/ep000001/state_000175_chunks_minkowski.png,/home/exouser/openpi/droid_sanity/clusters/ep000001/state_000175_chunks_minkowski_percluster.png,/home/exouser/openpi/droid_sanity/clusters/ep000001/state_000175_minkowski.csv,images/ep000001/state_000175_left.jpg,images/ep000001/state_000175_wrist.jpg
ep000001,176,Put the candy bar on the left side of the first shelf,Put the candy bar on the left side of the first shelf,134,750,8,/home/exouser/openpi/droid_sanity/clusters/ep000001/state_000176_chunks_minkowski.png,/home/exouser/openpi/droid_sanity/clusters/ep000001/state_000176_chunks_minkowski_percluster.png,/home/exouser/openpi/droid_sanity/clusters/ep000001/state_000176_minkowski.csv,images/ep000001/state_000176_left.jpg,images/ep000001/state_000176_wrist.jpg
ep000001,177,Put the candy bar on the left side of the first shelf,Put the candy bar on the left side of the first shelf,135,750,8,/home/exouser/openpi/droid_sanity/clusters/ep000001/state_000177_chunks_minkowski.png,/home/exouser/openpi/droid_sanity/clusters/ep000001/state_000177_chunks_minkowski_percluster.png,/home/exouser/openpi/droid_sanity/clusters/ep000001/state_000177_minkowski.csv,images/ep000001/state_000177_left.jpg,images/ep000001/state_000177_wrist.jpg
ep000001,178,Put the candy bar on the left side of the first shelf,Put the candy bar on the left side of the first shelf,136,750,8,/home/exouser/openpi/droid_sanity/clusters/ep000001/state_000178_chunks_minkowski.png,/home/exouser/openpi/droid_sanity/clusters/ep000001/state_000178_chunks_minkowski_percluster.png,/home/exouser/openpi/droid_sanity/clusters/ep000001/state_000178_minkowski.csv,images/ep000001/state_000178_left.jpg,images/ep000001/state_000178_wrist.jpg
ep000001,179,Put the candy bar on the left side of the first shelf,Put the candy bar on the left side of the first shelf,137,750,8,/home/exouser/openpi/droid_sanity/clusters/ep000001/state_000179_chunks_minkowski.png,/home/exouser/openpi/droid_sanity/clusters/ep000001/state_000179_chunks_minkowski_percluster.png,/home/exouser/openpi/droid_sanity/clusters/ep000001/state_000179_minkowski.csv,images/ep000001/state_000179_left.jpg,images/ep000001/state_000179_wrist.jpg
ep000001,180,Put the candy bar on the left side of the first shelf,Put the candy bar on the left side of the first shelf,138,750,8,/home/exouser/openpi/droid_sanity/clusters/ep000001/state_000180_chunks_minkowski.png,/home/exouser/openpi/droid_sanity/clusters/ep000001/state_000180_chunks_minkowski_percluster.png,/home/exouser/openpi/droid_sanity/clusters/ep000001/state_000180_minkowski.csv,images/ep000001/state_000180_left.jpg,images/ep000001/state_000180_wrist.jpg
ep000001,181,Put the candy bar on the left side of the first shelf,Put the candy bar on the left side of the first shelf,139,750,8,/home/exouser/openpi/droid_sanity/clusters/ep000001/state_000181_chunks_minkowski.png,/home/exouser/openpi/droid_sanity/clusters/ep000001/state_000181_chunks_minkowski_percluster.png,/home/exouser/openpi/droid_sanity/clusters/ep000001/state_000181_minkowski.csv,images/ep000001/state_000181_left.jpg,images/ep000001/state_000181_wrist.jpg
ep000001,182,Put the candy bar on the left side of the first shelf,Put the candy bar on the left side of the first shelf,140,750,8,/home/exouser/openpi/droid_sanity/clusters/ep000001/state_000182_chunks_minkowski.png,/home/exouser/openpi/droid_sanity/clusters/ep000001/state_000182_chunks_minkowski_percluster.png,/home/exouser/openpi/droid_sanity/clusters/ep000001/state_000182_minkowski.csv,images/ep000001/state_000182_left.jpg,images/ep000001/state_000182_wrist.jpg
ep000001,183,Put the candy bar on the left side of the first shelf,Put the candy bar on the left side of the first shelf,141,750,8,/home/exouser/openpi/droid_sanity/clusters/ep000001/state_000183_chunks_minkowski.png,/home/exouser/openpi/droid_sanity/clusters/ep000001/state_000183_chunks_minkowski_percluster.png,/home/exouser/openpi/droid_sanity/clusters/ep000001/state_000183_minkowski.csv,images/ep000001/state_000183_left.jpg,images/ep000001/state_000183_wrist.jpg
ep000001,184,Put the candy bar on the left side of the first shelf,Put the candy bar on the left side of the first shelf,142,750,8,/home/exouser/openpi/droid_sanity/clusters/ep000001/state_000184_chunks_minkowski.png,/home/exouser/openpi/droid_sanity/clusters/ep000001/state_000184_chunks_minkowski_percluster.png,/home/exouser/openpi/droid_sanity/clusters/ep000001/state_000184_minkowski.csv,images/ep000001/state_000184_left.jpg,images/ep000001/state_000184_wrist.jpg
ep000001,185,Put the candy bar on the left side of the first shelf,Put the candy bar on the left side of the first shelf,143,750,8,/home/exouser/openpi/droid_sanity/clusters/ep000001/state_000185_chunks_minkowski.png,/home/exouser/openpi/droid_sanity/clusters/ep000001/state_000185_chunks_minkowski_percluster.png,/home/exouser/openpi/droid_sanity/clusters/ep000001/state_000185_minkowski.csv,images/ep000001/state_000185_left.jpg,images/ep000001/state_000185_wrist.jpg
ep000001,186,Put the candy bar on the left side of the first shelf,Put the candy bar on the left side of the first shelf,144,750,8,/home/exouser/openpi/droid_sanity/clusters/ep000001/state_000186_chunks_minkowski.png,/home/exouser/openpi/droid_sanity/clusters/ep000001/state_000186_chunks_minkowski_percluster.png,/home/exouser/openpi/droid_sanity/clusters/ep000001/state_000186_minkowski.csv,images/ep000001/state_000186_left.jpg,images/ep000001/state_000186_wrist.jpg
ep000001,187,Put the candy bar on the left side of the first shelf,Put the candy bar on the left side of the first shelf,145,750,8,/home/exouser/openpi/droid_sanity/clusters/ep000001/state_000187_chunks_minkowski.png,/home/exouser/openpi/droid_sanity/clusters/ep000001/state_000187_chunks_minkowski_percluster.png,/home/exouser/openpi/droid_sanity/clusters/ep000001/state_000187_minkowski.csv,images/ep000001/state_000187_left.jpg,images/ep000001/state_000187_wrist.jpg
ep000001,188,Put the candy bar on the left side of the first shelf,Put the candy bar on the left side of the first shelf,146,750,8,/home/exouser/openpi/droid_sanity/clusters/ep000001/state_000188_chunks_minkowski.png,/home/exouser/openpi/droid_sanity/clusters/ep000001/state_000188_chunks_minkowski_percluster.png,/home/exouser/openpi/droid_sanity/clusters/ep000001/state_000188_minkowski.csv,images/ep000001/state_000188_left.jpg,images/ep000001/state_000188_wrist.jpg
ep000001,189,Put the candy bar on the left side of the first shelf,Put the candy bar on the left side of the first shelf,147,750,8,/home/exouser/openpi/droid_sanity/clusters/ep000001/state_000189_chunks_minkowski.png,/home/exouser/openpi/droid_sanity/clusters/ep000001/state_000189_chunks_minkowski_percluster.png,/home/exouser/openpi/droid_sanity/clusters/ep000001/state_000189_minkowski.csv,images/ep000001/state_000189_left.jpg,images/ep000001/state_000189_wrist.jpg
ep000001,190,Put the candy bar on the left side of the first shelf,Put the candy bar on the left side of the first shelf,148,750,8,/home/exouser/openpi/droid_sanity/clusters/ep000001/state_000190_chunks_minkowski.png,/home/exouser/openpi/droid_sanity/clusters/ep000001/state_000190_chunks_minkowski_percluster.png,/home/exouser/openpi/droid_sanity/clusters/ep000001/state_000190_minkowski.csv,images/ep000001/state_000190_left.jpg,images/ep000001/state_000190_wrist.jpg
ep000001,191,Put the candy bar on the left side of the first shelf,Put the candy bar on the left side of the first shelf,149,750,8,/home/exouser/openpi/droid_sanity/clusters/ep000001/state_000191_chunks_minkowski.png,/home/exouser/openpi/droid_sanity/clusters/ep000001/state_000191_chunks_minkowski_percluster.png,/home/exouser/openpi/droid_sanity/clusters/ep000001/state_000191_minkowski.csv,images/ep000001/state_000191_left.jpg,images/ep000001/state_000191_wrist.jpg
ep000001,192,Put the candy bar on the left side of the first shelf,Put the candy bar on the left side of the first shelf,150,750,8,/home/exouser/openpi/droid_sanity/clusters/ep000001/state_000192_chunks_minkowski.png,/home/exouser/openpi/droid_sanity/clusters/ep000001/state_000192_chunks_minkowski_percluster.png,/home/exouser/openpi/droid_sanity/clusters/ep000001/state_000192_minkowski.csv,images/ep000001/state_000192_left.jpg,images/ep000001/state_000192_wrist.jpg
ep000001,193,Put the candy bar on the left side of the first shelf,Put the candy bar on the left side of the first shelf,151,750,8,/home/exouser/openpi/droid_sanity/clusters/ep000001/state_000193_chunks_minkowski.png,/home/exouser/openpi/droid_sanity/clusters/ep000001/state_000193_chunks_minkowski_percluster.png,/home/exouser/openpi/droid_sanity/clusters/ep000001/state_000193_minkowski.csv,images/ep000001/state_000193_left.jpg,images/ep000001/state_000193_wrist.jpg
ep000001,194,Put the candy bar on the left side of the first shelf,Put the candy bar on the left side of the first shelf,152,750,8,/home/exouser/openpi/droid_sanity/clusters/ep000001/state_000194_chunks_minkowski.png,/home/exouser/openpi/droid_sanity/clusters/ep000001/state_000194_chunks_minkowski_percluster.png,/home/exouser/openpi/droid_sanity/clusters/ep000001/state_000194_minkowski.csv,images/ep000001/state_000194_left.jpg,images/ep000001/state_000194_wrist.jpg
ep000001,195,Put the candy bar on the left side of the first shelf,Put the candy bar on the left side of the first shelf,153,750,8,/home/exouser/openpi/droid_sanity/clusters/ep000001/state_000195_chunks_minkowski.png,/home/exouser/openpi/droid_sanity/clusters/ep000001/state_000195_chunks_minkowski_percluster.png,/home/exouser/openpi/droid_sanity/clusters/ep000001/state_000195_minkowski.csv,images/ep000001/state_000195_left.jpg,images/ep000001/state_000195_wrist.jpg
ep000001,196,Put the candy bar on the left side of the first shelf,Put the candy bar on the left side of the first shelf,154,750,8,/home/exouser/openpi/droid_sanity/clusters/ep000001/state_000196_chunks_minkowski.png,/home/exouser/openpi/droid_sanity/clusters/ep000001/state_000196_chunks_minkowski_percluster.png,/home/exouser/openpi/droid_sanity/clusters/ep000001/state_000196_minkowski.csv,images/ep000001/state_000196_left.jpg,images/ep000001/state_000196_wrist.jpg
ep000001,197,Put the candy bar on the left side of the first shelf,Put the candy bar on the left side of the first shelf,155,750,8,/home/exouser/openpi/droid_sanity/clusters/ep000001/state_000197_chunks_minkowski.png,/home/exouser/openpi/droid_sanity/clusters/ep000001/state_000197_chunks_minkowski_percluster.png,/home/exouser/openpi/droid_sanity/clusters/ep000001/state_000197_minkowski.csv,images/ep000001/state_000197_left.jpg,images/ep000001/state_000197_wrist.jpg
ep000001,198,Put the candy bar on the left side of the first shelf,Put the candy bar on the left side of the first shelf,156,750,8,/home/exouser/openpi/droid_sanity/clusters/ep000001/state_000198_chunks_minkowski.png,/home/exouser/openpi/droid_sanity/clusters/ep000001/state_000198_chunks_minkowski_percluster.png,/home/exouser/openpi/droid_sanity/clusters/ep000001/state_000198_minkowski.csv,images/ep000001/state_000198_left.jpg,images/ep000001/state_000198_wrist.jpg
ep000001,199,Put the candy bar on the left side of the first shelf,Put the candy bar on the left side of the first shelf,157,750,8,/home/exouser/openpi/droid_sanity/clusters/ep000001/state_000199_chunks_minkowski.png,/home/exouser/openpi/droid_sanity/clusters/ep000001/state_000199_chunks_minkowski_percluster.png,/home/exouser/openpi/droid_sanity/clusters/ep000001/state_000199_minkowski.csv,images/ep000001/state_000199_left.jpg,images/ep000001/state_000199_wrist.jpg
ep000001,200,Put the candy bar on the left side of the first shelf,Put the candy bar on the left side of the first shelf,158,750,8,/home/exouser/openpi/droid_sanity/clusters/ep000001/state_000200_chunks_minkowski.png,/home/exouser/openpi/droid_sanity/clusters/ep000001/state_000200_chunks_minkowski_percluster.png,/home/exouser/openpi/droid_sanity/clusters/ep000001/state_000200_minkowski.csv,images/ep000001/state_000200_left.jpg,images/ep000001/state_000200_wrist.jpg
ep000001,201,Put the candy bar on the left side of the first shelf,Put the candy bar on the left side of the first shelf,159,750,8,/home/exouser/openpi/droid_sanity/clusters/ep000001/state_000201_chunks_minkowski.png,/home/exouser/openpi/droid_sanity/clusters/ep000001/state_000201_chunks_minkowski_percluster.png,/home/exouser/openpi/droid_sanity/clusters/ep000001/state_000201_minkowski.csv,images/ep000001/state_000201_left.jpg,images/ep000001/state_000201_wrist.jpg
ep000001,202,Put the candy bar on the left side of the first shelf,Put the candy bar on the left side of the first shelf,160,750,8,/home/exouser/openpi/droid_sanity/clusters/ep000001/state_000202_chunks_minkowski.png,/home/exouser/openpi/droid_sanity/clusters/ep000001/state_000202_chunks_minkowski_percluster.png,/home/exouser/openpi/droid_sanity/clusters/ep000001/state_000202_minkowski.csv,images/ep000001/state_000202_left.jpg,images/ep000001/state_000202_wrist.jpg
ep000001,203,Put the candy bar on the left side of the first shelf,Put the candy bar on the left side of the first shelf,161,750,8,/home/exouser/openpi/droid_sanity/clusters/ep000001/state_000203_chunks_minkowski.png,/home/exouser/openpi/droid_sanity/clusters/ep000001/state_000203_chunks_minkowski_percluster.png,/home/exouser/openpi/droid_sanity/clusters/ep000001/state_000203_minkowski.csv,images/ep000001/state_000203_left.jpg,images/ep000001/state_000203_wrist.jpg
ep000001,204,Put the candy bar on the left side of the first shelf,Put the candy bar on the left side of the first shelf,162,750,8,/home/exouser/openpi/droid_sanity/clusters/ep000001/state_000204_chunks_minkowski.png,/home/exouser/openpi/droid_sanity/clusters/ep000001/state_000204_chunks_minkowski_percluster.png,/home/exouser/openpi/droid_sanity/clusters/ep000001/state_000204_minkowski.csv,images/ep000001/state_000204_left.jpg,images/ep000001/state_000204_wrist.jpg
ep000001,205,Put the candy bar on the left side of the first shelf,Put the candy bar on the left side of the first shelf,163,750,8,/home/exouser/openpi/droid_sanity/clusters/ep000001/state_000205_chunks_minkowski.png,/home/exouser/openpi/droid_sanity/clusters/ep000001/state_000205_chunks_minkowski_percluster.png,/home/exouser/openpi/droid_sanity/clusters/ep000001/state_000205_minkowski.csv,images/ep000001/state_000205_left.jpg,images/ep000001/state_000205_wrist.jpg
ep000001,206,Put the candy bar on the left side of the first shelf,Put the candy bar on the left side of the first shelf,164,750,8,/home/exouser/openpi/droid_sanity/clusters/ep000001/state_000206_chunks_minkowski.png,/home/exouser/openpi/droid_sanity/clusters/ep000001/state_000206_chunks_minkowski_percluster.png,/home/exouser/openpi/droid_sanity/clusters/ep000001/state_000206_minkowski.csv,images/ep000001/state_000206_left.jpg,images/ep000001/state_000206_wrist.jpg
ep000001,207,Put the candy bar on the left side of the first shelf,Put the candy bar on the left side of the first shelf,165,750,8,/home/exouser/openpi/droid_sanity/clusters/ep000001/state_000207_chunks_minkowski.png,/home/exouser/openpi/droid_sanity/clusters/ep000001/state_000207_chunks_minkowski_percluster.png,/home/exouser/openpi/droid_sanity/clusters/ep000001/state_000207_minkowski.csv,images/ep000001/state_000207_left.jpg,images/ep000001/state_000207_wrist.jpg
ep000001,208,Put the candy bar on the left side of the first shelf,Put the candy bar on the left side of the first shelf,166,750,8,/home/exouser/openpi/droid_sanity/clusters/ep000001/state_000208_chunks_minkowski.png,/home/exouser/openpi/droid_sanity/clusters/ep000001/state_000208_chunks_minkowski_percluster.png,/home/exouser/openpi/droid_sanity/clusters/ep000001/state_000208_minkowski.csv,images/ep000001/state_000208_left.jpg,images/ep000001/state_000208_wrist.jpg
ep000001,209,Put the candy bar on the left side of the first shelf,Put the candy bar on the left side of the first shelf,167,750,8,/home/exouser/openpi/droid_sanity/clusters/ep000001/state_000209_chunks_minkowski.png,/home/exouser/openpi/droid_sanity/clusters/ep000001/state_000209_chunks_minkowski_percluster.png,/home/exouser/openpi/droid_sanity/clusters/ep000001/state_000209_minkowski.csv,images/ep000001/state_000209_left.jpg,images/ep000001/state_000209_wrist.jpg
ep000001,210,Put the candy bar on the left side of the first shelf,Put the candy bar on the left side of the first shelf,168,750,8,/home/exouser/openpi/droid_sanity/clusters/ep000001/state_000210_chunks_minkowski.png,/home/exouser/openpi/droid_sanity/clusters/ep000001/state_000210_chunks_minkowski_percluster.png,/home/exouser/openpi/droid_sanity/clusters/ep000001/state_000210_minkowski.csv,images/ep000001/state_000210_left.jpg,images/ep000001/state_000210_wrist.jpg
ep000001,211,Put the candy bar on the left side of the first shelf,Put the candy bar on the left side of the first shelf,169,750,8,/home/exouser/openpi/droid_sanity/clusters/ep000001/state_000211_chunks_minkowski.png,/home/exouser/openpi/droid_sanity/clusters/ep000001/state_000211_chunks_minkowski_percluster.png,/home/exouser/openpi/droid_sanity/clusters/ep000001/state_000211_minkowski.csv,images/ep000001/state_000211_left.jpg,images/ep000001/state_000211_wrist.jpg
ep000001,212,Put the candy bar on the left side of the first shelf,Put the candy bar on the left side of the first shelf,170,750,8,/home/exouser/openpi/droid_sanity/clusters/ep000001/state_000212_chunks_minkowski.png,/home/exouser/openpi/droid_sanity/clusters/ep000001/state_000212_chunks_minkowski_percluster.png,/home/exouser/openpi/droid_sanity/clusters/ep000001/state_000212_minkowski.csv,images/ep000001/state_000212_left.jpg,images/ep000001/state_000212_wrist.jpg
ep000001,213,Put the candy bar on the left side of the first shelf,Put the candy bar on the left side of the first shelf,171,750,8,/home/exouser/openpi/droid_sanity/clusters/ep000001/state_000213_chunks_minkowski.png,/home/exouser/openpi/droid_sanity/clusters/ep000001/state_000213_chunks_minkowski_percluster.png,/home/exouser/openpi/droid_sanity/clusters/ep000001/state_000213_minkowski.csv,images/ep000001/state_000213_left.jpg,images/ep000001/state_000213_wrist.jpg
ep000001,214,Put the candy bar on the left side of the first shelf,Put the candy bar on the left side of the first shelf,172,750,8,/home/exouser/openpi/droid_sanity/clusters/ep000001/state_000214_chunks_minkowski.png,/home/exouser/openpi/droid_sanity/clusters/ep000001/state_000214_chunks_minkowski_percluster.png,/home/exouser/openpi/droid_sanity/clusters/ep000001/state_000214_minkowski.csv,images/ep000001/state_000214_left.jpg,images/ep000001/state_000214_wrist.jpg
ep000001,215,Put the candy bar on the left side of the first shelf,Put the candy bar on the left side of the first shelf,173,750,8,/home/exouser/openpi/droid_sanity/clusters/ep000001/state_000215_chunks_minkowski.png,/home/exouser/openpi/droid_sanity/clusters/ep000001/state_000215_chunks_minkowski_percluster.png,/home/exouser/openpi/droid_sanity/clusters/ep000001/state_000215_minkowski.csv,images/ep000001/state_000215_left.jpg,images/ep000001/state_000215_wrist.jpg
ep000001,216,Put the candy bar on the left side of the first shelf,Put the candy bar on the left side of the first shelf,174,750,8,/home/exouser/openpi/droid_sanity/clusters/ep000001/state_000216_chunks_minkowski.png,/home/exouser/openpi/droid_sanity/clusters/ep000001/state_000216_chunks_minkowski_percluster.png,/home/exouser/openpi/droid_sanity/clusters/ep000001/state_000216_minkowski.csv,images/ep000001/state_000216_left.jpg,images/ep000001/state_000216_wrist.jpg
ep000001,217,Put the candy bar on the left side of the first shelf,Put the candy bar on the left side of the first shelf,175,750,8,/home/exouser/openpi/droid_sanity/clusters/ep000001/state_000217_chunks_minkowski.png,/home/exouser/openpi/droid_sanity/clusters/ep000001/state_000217_chunks_minkowski_percluster.png,/home/exouser/openpi/droid_sanity/clusters/ep000001/state_000217_minkowski.csv,images/ep000001/state_000217_left.jpg,images/ep000001/state_000217_wrist.jpg
ep000001,218,Put the candy bar on the left side of the first shelf,Put the candy bar on the left side of the first shelf,176,750,8,/home/exouser/openpi/droid_sanity/clusters/ep000001/state_000218_chunks_minkowski.png,/home/exouser/openpi/droid_sanity/clusters/ep000001/state_000218_chunks_minkowski_percluster.png,/home/exouser/openpi/droid_sanity/clusters/ep000001/state_000218_minkowski.csv,images/ep000001/state_000218_left.jpg,images/ep000001/state_000218_wrist.jpg
ep000001,219,Put the candy bar on the left side of the first shelf,Put the candy bar on the left side of the first shelf,177,750,8,/home/exouser/openpi/droid_sanity/clusters/ep000001/state_000219_chunks_minkowski.png,/home/exouser/openpi/droid_sanity/clusters/ep000001/state_000219_chunks_minkowski_percluster.png,/home/exouser/openpi/droid_sanity/clusters/ep000001/state_000219_minkowski.csv,images/ep000001/state_000219_left.jpg,images/ep000001/state_000219_wrist.jpg
ep000001,220,Put the candy bar on the left side of the first shelf,Put the candy bar on the left side of the first shelf,178,750,8,/home/exouser/openpi/droid_sanity/clusters/ep000001/state_000220_chunks_minkowski.png,/home/exouser/openpi/droid_sanity/clusters/ep000001/state_000220_chunks_minkowski_percluster.png,/home/exouser/openpi/droid_sanity/clusters/ep000001/state_000220_minkowski.csv,images/ep000001/state_000220_left.jpg,images/ep000001/state_000220_wrist.jpg
ep000001,221,Put the candy bar on the left side of the first shelf,Put the candy bar on the left side of the first shelf,179,750,8,/home/exouser/openpi/droid_sanity/clusters/ep000001/state_000221_chunks_minkowski.png,/home/exouser/openpi/droid_sanity/clusters/ep000001/state_000221_chunks_minkowski_percluster.png,/home/exouser/openpi/droid_sanity/clusters/ep000001/state_000221_minkowski.csv,images/ep000001/state_000221_left.jpg,images/ep000001/state_000221_wrist.jpg
ep000001,222,Put the candy bar on the left side of the first shelf,Put the candy bar on the left side of the first shelf,180,750,8,/home/exouser/openpi/droid_sanity/clusters/ep000001/state_000222_chunks_minkowski.png,/home/exouser/openpi/droid_sanity/clusters/ep000001/state_000222_chunks_minkowski_percluster.png,/home/exouser/openpi/droid_sanity/clusters/ep000001/state_000222_minkowski.csv,images/ep000001/state_000222_left.jpg,images/ep000001/state_000222_wrist.jpg
ep000001,223,Put the candy bar on the left side of the first shelf,Put the candy bar on the left side of the first shelf,181,750,8,/home/exouser/openpi/droid_sanity/clusters/ep000001/state_000223_chunks_minkowski.png,/home/exouser/openpi/droid_sanity/clusters/ep000001/state_000223_chunks_minkowski_percluster.png,/home/exouser/openpi/droid_sanity/clusters/ep000001/state_000223_minkowski.csv,images/ep000001/state_000223_left.jpg,images/ep000001/state_000223_wrist.jpg
ep000001,224,Put the candy bar on the left side of the first shelf,Put the candy bar on the left side of the first shelf,182,750,8,/home/exouser/openpi/droid_sanity/clusters/ep000001/state_000224_chunks_minkowski.png,/home/exouser/openpi/droid_sanity/clusters/ep000001/state_000224_chunks_minkowski_percluster.png,/home/exouser/openpi/droid_sanity/clusters/ep000001/state_000224_minkowski.csv,images/ep000001/state_000224_left.jpg,images/ep000001/state_000224_wrist.jpg
ep000001,225,Put the candy bar on the left side of the first shelf,Put the candy bar on the left side of the first shelf,183,750,8,/home/exouser/openpi/droid_sanity/clusters/ep000001/state_000225_chunks_minkowski.png,/home/exouser/openpi/droid_sanity/clusters/ep000001/state_000225_chunks_minkowski_percluster.png,/home/exouser/openpi/droid_sanity/clusters/ep000001/state_000225_minkowski.csv,images/ep000001/state_000225_left.jpg,images/ep000001/state_000225_wrist.jpg
ep000001,226,Put the candy bar on the left side of the first shelf,Put the candy bar on the left side of the first shelf,184,750,8,/home/exouser/openpi/droid_sanity/clusters/ep000001/state_000226_chunks_minkowski.png,/home/exouser/openpi/droid_sanity/clusters/ep000001/state_000226_chunks_minkowski_percluster.png,/home/exouser/openpi/droid_sanity/clusters/ep000001/state_000226_minkowski.csv,images/ep000001/state_000226_left.jpg,images/ep000001/state_000226_wrist.jpg
ep000001,227,Put the candy bar on the left side of the first shelf,Put the candy bar on the left side of the first shelf,185,750,8,/home/exouser/openpi/droid_sanity/clusters/ep000001/state_000227_chunks_minkowski.png,/home/exouser/openpi/droid_sanity/clusters/ep000001/state_000227_chunks_minkowski_percluster.png,/home/exouser/openpi/droid_sanity/clusters/ep000001/state_000227_minkowski.csv,images/ep000001/state_000227_left.jpg,images/ep000001/state_000227_wrist.jpg
ep000001,228,Put the candy bar on the left side of the first shelf,Put the candy bar on the left side of the first shelf,186,750,8,/home/exouser/openpi/droid_sanity/clusters/ep000001/state_000228_chunks_minkowski.png,/home/exouser/openpi/droid_sanity/clusters/ep000001/state_000228_chunks_minkowski_percluster.png,/home/exouser/openpi/droid_sanity/clusters/ep000001/state_000228_minkowski.csv,images/ep000001/state_000228_left.jpg,images/ep000001/state_000228_wrist.jpg
ep000001,229,Put the candy bar on the left side of the first shelf,Put the candy bar on the left side of the first shelf,187,750,8,/home/exouser/openpi/droid_sanity/clusters/ep000001/state_000229_chunks_minkowski.png,/home/exouser/openpi/droid_sanity/clusters/ep000001/state_000229_chunks_minkowski_percluster.png,/home/exouser/openpi/droid_sanity/clusters/ep000001/state_000229_minkowski.csv,images/ep000001/state_000229_left.jpg,images/ep000001/state_000229_wrist.jpg
ep000001,230,Put the candy bar on the left side of the first shelf,Put the candy bar on the left side of the first shelf,188,750,8,/home/exouser/openpi/droid_sanity/clusters/ep000001/state_000230_chunks_minkowski.png,/home/exouser/openpi/droid_sanity/clusters/ep000001/state_000230_chunks_minkowski_percluster.png,/home/exouser/openpi/droid_sanity/clusters/ep000001/state_000230_minkowski.csv,images/ep000001/state_000230_left.jpg,images/ep000001/state_000230_wrist.jpg
ep000001,231,Put the candy bar on the left side of the first shelf,Put the candy bar on the left side of the first shelf,189,750,8,/home/exouser/openpi/droid_sanity/clusters/ep000001/state_000231_chunks_minkowski.png,/home/exouser/openpi/droid_sanity/clusters/ep000001/state_000231_chunks_minkowski_percluster.png,/home/exouser/openpi/droid_sanity/clusters/ep000001/state_000231_minkowski.csv,images/ep000001/state_000231_left.jpg,images/ep000001/state_000231_wrist.jpg
ep000001,232,Put the candy bar on the left side of the first shelf,Put the candy bar on the left side of the first shelf,190,750,8,/home/exouser/openpi/droid_sanity/clusters/ep000001/state_000232_chunks_minkowski.png,/home/exouser/openpi/droid_sanity/clusters/ep000001/state_000232_chunks_minkowski_percluster.png,/home/exouser/openpi/droid_sanity/clusters/ep000001/state_000232_minkowski.csv,images/ep000001/state_000232_left.jpg,images/ep000001/state_000232_wrist.jpg
ep000001,233,Put the candy bar on the left side of the first shelf,Put the candy bar on the left side of the first shelf,191,750,8,/home/exouser/openpi/droid_sanity/clusters/ep000001/state_000233_chunks_minkowski.png,/home/exouser/openpi/droid_sanity/clusters/ep000001/state_000233_chunks_minkowski_percluster.png,/home/exouser/openpi/droid_sanity/clusters/ep000001/state_000233_minkowski.csv,images/ep000001/state_000233_left.jpg,images/ep000001/state_000233_wrist.jpg
ep000001,234,Put the candy bar on the left side of the first shelf,Put the candy bar on the left side of the first shelf,192,750,8,/home/exouser/openpi/droid_sanity/clusters/ep000001/state_000234_chunks_minkowski.png,/home/exouser/openpi/droid_sanity/clusters/ep000001/state_000234_chunks_minkowski_percluster.png,/home/exouser/openpi/droid_sanity/clusters/ep000001/state_000234_minkowski.csv,images/ep000001/state_000234_left.jpg,images/ep000001/state_000234_wrist.jpg
ep000001,235,Put the candy bar on the left side of the first shelf,Put the candy bar on the left side of the first shelf,193,750,8,/home/exouser/openpi/droid_sanity/clusters/ep000001/state_000235_chunks_minkowski.png,/home/exouser/openpi/droid_sanity/clusters/ep000001/state_000235_chunks_minkowski_percluster.png,/home/exouser/openpi/droid_sanity/clusters/ep000001/state_000235_minkowski.csv,images/ep000001/state_000235_left.jpg,images/ep000001/state_000235_wrist.jpg
ep000001,236,Put the candy bar on the left side of the first shelf,Put the candy bar on the left side of the first shelf,194,750,8,/home/exouser/openpi/droid_sanity/clusters/ep000001/state_000236_chunks_minkowski.png,/home/exouser/openpi/droid_sanity/clusters/ep000001/state_000236_chunks_minkowski_percluster.png,/home/exouser/openpi/droid_sanity/clusters/ep000001/state_000236_minkowski.csv,images/ep000001/state_000236_left.jpg,images/ep000001/state_000236_wrist.jpg
ep000001,237,Put the candy bar on the left side of the first shelf,Put the candy bar on the left side of the first shelf,195,750,8,/home/exouser/openpi/droid_sanity/clusters/ep000001/state_000237_chunks_minkowski.png,/home/exouser/openpi/droid_sanity/clusters/ep000001/state_000237_chunks_minkowski_percluster.png,/home/exouser/openpi/droid_sanity/clusters/ep000001/state_000237_minkowski.csv,images/ep000001/state_000237_left.jpg,images/ep000001/state_000237_wrist.jpg
